PdbID;Chain;Tileability;ContactOrder;ASA;DeltaSASA;RGyr;ICSRepeats;idChain
1A5E;A;0.4089;0.0524604;10084.6;NULL;17.8699;1.45999848484848;986
1AP7;A;0.5549;0.0498779;9266.54;NULL;17.9875;1.36101818181818;478
1AWC;A;NULL;0.0963861;6586.73;NULL;13.9059;NULL;568
1BD8;A;0.6635;0.0511319;8068.97;NULL;16.9298;1.48545151515151;479
1BI7;A;NULL;0.058099;13316.4;NULL;19.6511;NULL;617
1BI8;A;NULL;0.0560462;13837.8;NULL;19.6484;NULL;480
1BLX;A;NULL;0.0536886;15949.1;NULL;20.6496;NULL;484
1BU9;A;0.62;0.0575429;8378.56;NULL;16.4237;1.42473181818182;985
1D9S;A;0.5576;0.0645396;7620.9;NULL;15.5682;1.48272575757576;487
1DC2;A;0.418;0.0532713;10437.3;NULL;18.4339;1.45999848484848;619
1DCQ;A;0.1807;0.0627603;12090.5;NULL;18.9751;1.37631666666667;570
1G3N;A;NULL;0.053126;15257.1;NULL;20.573;NULL;488
1IHB;A;0.6794;0.0546187;8013.42;NULL;16.4463;NULL;494
1IKN;A;NULL;0.0756038;16111.1;NULL;24.0674;NULL;475
1IXV;A;0.6765;0.0404301;11304.1;NULL;21.1281;NULL;496
1K1A;A;0.7022;0.0366396;11246.8;NULL;21.6626;1.63505909090909;497
1K1B;A;0.7044;0.0372921;11159.7;NULL;21.5377;NULL;498
1K3Z;A;NULL;0.112507;8823.88;NULL;21.4492;NULL;499
1MJ0;A;0.6847;0.0543957;7577.13;NULL;16.0591;1.9701;831
1MX2;A;0.6789;0.0538642;8071.76;NULL;16.4544;NULL;502
1MX4;A;0.6801;0.0544305;7985.79;NULL;16.4068;NULL;504
1MX6;A;0.6785;0.0538193;8044.02;NULL;16.447;NULL;506
1MYO;A;0.5101;0.0597691;6659.14;NULL;14.085;1.64779242424242;571
1N0Q;A;0.6422;0.0869441;4918.36;NULL;11.8354;2.14703636363636;832
1N0R;A;0.6725;0.0672709;6653.23;NULL;14.0118;2.50270606060606;828
1N11;A;0.6804;0.0256269;18273.7;NULL;31.8682;2.01140909090909;508
1NFI;A;NULL;0.0681074;17734.6;NULL;27.722;NULL;469
1OT8;A;0.6578;0.0399454;10314.7;NULL;19.9877;1.60547424242424;509
1QYM;A;0.6955;0.0405015;10653.3;NULL;20.7056;NULL;515
1S70;A;NULL;0.0735035;14441.5;NULL;19.0208;NULL;572
1SVX;A;0.6853;0.0532665;7817.99;NULL;16.2577;1.95304696969697;836
1SW6;A;0.2391;0.0688681;11656.1;NULL;18.8673;1.35135;516
1TR4;A;0.6488;0.038581;11349.6;NULL;21.3434;1.49016363636364;518
1UOH;A;0.6978;0.0407494;10693;NULL;20.949;NULL;519
1WDY;A;0.6929;0.0316916;14141.1;NULL;23.7746;1.70570454545455;788
1WG0;A;0.6254;0.0395573;12195.2;NULL;21.8148;1.3852803030303;988
1YCS;A;NULL;0.154499;9775.57;NULL;16.1778;NULL;522
1YMP;A;0.6574;0.0606421;6821.46;NULL;14.2811;NULL;574
1YYH;A;0.7268;0.0462886;9377.13;NULL;18.5025;NULL;524
2A5E;A;NULL;0.0526889;9254.18;NULL;17.5857;NULL;989
2AJA;A;0.2851;0.0235488;17800.5;NULL;26.9202;1.41499090909091;785
2BKG;A;0.6886;0.0538073;7502.5;NULL;16.0753;1.98359696969697;838
2BKK;A;NULL;0.070068;14004.9;NULL;19.1806;NULL;859
2DVW;A;0.681;0.0395469;10733;NULL;21.0574;1.49768181818182;526
2DWZ;A;0.6823;0.0399014;10508;NULL;20.9681;NULL;823
2DZN;A;0.6844;0.0415124;10736.2;NULL;20.7625;NULL;532
2DZO;A;0.6724;0.0401318;10901.6;NULL;20.8589;1.39006818181818;805
2ETA;A;0.5124;0.0428226;11523.8;NULL;20.0273;NULL;580
2ETB;A;0.5081;0.0407461;12439.8;NULL;20.3494;NULL;582
2ETC;A;0.5026;0.0405071;12793.6;NULL;20.8755;1.29480375;625
2F37;A;0.5078;0.0414322;12159.1;NULL;20.097;1.36637777777778;583
2F8Y;A;NULL;0.0417771;10475.9;NULL;20.4201;NULL;627
2FO1;A;NULL;0.0688786;23969.5;NULL;24.7864;NULL;545
2HE0;A;0.7206;0.0457734;9591.13;NULL;18.7521;1.53505;811
2JAB;A;0.6899;0.0627882;6616.61;NULL;14.2277;1.68888181818182;862
2KBX;A;0.5313;0.0317643;11383.4;NULL;20.5873;1.40233939393939;813
2KXP;A;NULL;0.0400546;17545.8;NULL;24.8688;NULL;990
2L6B;A;0.4776;0.0621893;6619.43;NULL;14.1242;2.02181363636364;961
2MYO;A;0.5003;0.0589097;6744.01;NULL;14.1293;NULL;585
2NYJ;A;0.4983;0.0382657;12882.7;NULL;20.5211;1.3649;632
2P2C;A;NULL;0.0905851;10957.8;NULL;18.3738;NULL;938
2PNN;A;0.5026;0.0384337;12515;NULL;20.2988;1.36819125;550
2QC9;A;NULL;0.0452054;9563.55;NULL;18.7107;NULL;586
2QYJ;A;0.6925;0.0538255;7597.79;NULL;16.0094;2.1337393939394;951
2RFA;A;0.6426;0.0418703;11119.4;NULL;19.476;1.43689594594595;588
2RFM;A;0.6699;0.0454742;9012.26;NULL;18.7818;1.59056515151515;589
2V4H;A;NULL;0.0263624;9669.44;NULL;39.5897;NULL;815
2V5Q;A;NULL;0.0619245;14488.4;NULL;19.6111;NULL;972
2VGE;A;0.2432;0.0557711;11083.1;NULL;18.5513;1.34071515151515;591
2XEE;A;0.6957;0.0548282;7772.08;NULL;16.0369;2.23686515151515;975
2XEH;A;NULL;0.0545966;7614.92;NULL;15.9879;NULL;976
2XEN;A;0.5998;0.0787396;5107.95;NULL;12.126;1.73488484848485;977
2XZD;A;NULL;0.114907;8747.66;NULL;16.3764;NULL;634
2XZT;A;NULL;0.113077;8923.94;NULL;16.5283;NULL;993
2Y0B;A;NULL;0.114975;8769.5;NULL;16.3659;NULL;642
2ZGD;A;0.346;0.0974417;5183.43;NULL;12.1076;1.65779242424242;978
2ZGG;A;0.5377;0.0785986;4906.97;NULL;11.9;1.72107121212121;979
3AAA;A;NULL;0.0448389;16589.8;NULL;22.9188;NULL;652
3AJI;A;0.6802;0.0392673;10830.8;NULL;21.1665;1.4982;655
3B7B;A;0.6785;0.0121277;11497.2;NULL;21.7963;1.54967727272727;551
3B95;A;0.6786;0.0119856;11462.1;NULL;21.7919;NULL;553
3C5R;A;0.6769;0.0236147;6723.79;NULL;14.3692;1.55182878787879;555
3D9H;A;0.6347;0.0377588;11705.8;NULL;21.9117;1.50522727272727;999
3DEO;A;0.4274;0.0465705;10072.8;NULL;19.1109;1.4834196969697;557
3DEP;A;NULL;0.0473972;10026.3;NULL;19.1944;NULL;558
3EHQ;A;0.3007;0.0535665;10269.2;NULL;19.7868;1.32525909090909;593
3EHR;A;0.3183;0.0567722;9764.05;NULL;19.4579;1.46359393939394;595
3EU9;A;0.6895;0.0372457;10825.6;NULL;21.3377;1.47775;559
3F6Q;A;0.6088;0.051861;9136.09;NULL;16.9355;NULL;597
3HG0;A;NULL;0.111067;9354.38;NULL;19.6583;NULL;980
3HRA;A;0.6967;0.0455382;9685.31;NULL;19.0556;1.49707121212121;1000
3IXE;A;0.582;0.0519331;9517.77;NULL;17.6127;NULL;601
3JUE;A;NULL;0.0462299;11900.3;NULL;19.638;NULL;1114
3JXI;A;0.4927;0.0406382;12719.2;NULL;20.5118;1.28721375;562
3JXJ;A;0.4832;0.0379641;13434.3;NULL;20.8375;1.33648375;566
3KEA;A;NULL;0.0267748;15754.6;NULL;27.1865;NULL;603
3LJN;A;NULL;0.0296003;15552.7;NULL;25.2087;NULL;1001
3NBN;A;NULL;0.0705132;21849.3;NULL;25.3932;NULL;1117
3NOC;A;NULL;0.0534727;44860.3;NULL;37.7687;NULL;662
3NOG;A;NULL;0.0514796;46044.1;NULL;37.7253;NULL;665
3P3N;A;NULL;0.0972002;16665.4;NULL;20.3793;NULL;668
3P3P;A;NULL;0.0972751;16362.3;NULL;20.3375;NULL;670
3Q9N;A;NULL;0.109674;7694.66;NULL;14.0507;NULL;1133
3Q9U;A;NULL;0.106558;7955.76;NULL;14.1471;NULL;1137
3SO8;A;0.6561;0.0484765;8507.23;NULL;17.0428;1.34658333333333;672
3TWQ;A;0.5892;0.0527519;8692.5;NULL;16.8502;1.57039393939394;679
3TWR;A;NULL;0.0552758;8080.87;NULL;16.1454;NULL;681
3TWS;A;NULL;0.0556944;8109.76;NULL;16.1594;NULL;689
3TWT;A;NULL;0.056373;8046.5;NULL;16.0957;NULL;693
3TWU;A;NULL;0.0544903;8255.09;NULL;16.3669;NULL;697
3TWV;A;NULL;0.0567947;7814.58;NULL;15.9975;NULL;699
3TWW;A;NULL;0.057064;7892.75;NULL;16.0362;NULL;703
3TWX;A;NULL;0.0565216;7972.65;NULL;16.138;NULL;705
3UI2;A;NULL;0.0333708;14240.3;NULL;25.1614;NULL;707
3UTM;A;0.608;0.0260092;17155.4;NULL;33.2815;1.48978181818182;709
3UXG;A;0.6408;0.0503037;8673.01;NULL;16.9374;1.41041060606061;712
3V2O;A;0.6766;0.0509614;8203.78;NULL;16.6901;1.35803787878788;714
3V2X;A;NULL;0.0479966;8846.55;NULL;17.3424;NULL;716
3V30;A;NULL;0.0518092;8531.21;NULL;16.8055;NULL;718
3V31;A;NULL;0.0478577;9059.6;NULL;17.5164;NULL;720
3ZKJ;A;NULL;0.0353963;12651.8;NULL;21.7623;NULL;1005
3ZU7;A;NULL;0.0744231;17136.8;NULL;21.1359;NULL;728
3ZUV;A;NULL;0.0696549;18302.1;NULL;22.1569;NULL;729
4A63;A;NULL;0.139271;11107.9;NULL;17.0586;NULL;731
4ATZ;A;NULL;0.138983;9139.77;NULL;16.1049;NULL;743
4B7E;A;NULL;0.0921422;18182.9;NULL;20.7756;NULL;746
4B7K;A;NULL;0.0967822;17076.8;NULL;20.4952;NULL;747
4B93;A;NULL;0.126622;8210.9;NULL;14.8689;NULL;748
4BEP;A;NULL;0.0553469;23193.1;NULL;22.8588;NULL;1202
4BER;A;NULL;0.0591417;22328.4;NULL;22.8376;NULL;1204
4BES;A;NULL;0.0601225;21539.7;NULL;22.6462;NULL;1206
4BET;A;NULL;0.0597258;22209.8;NULL;22.7112;NULL;1207
4BSZ;A;NULL;0.0384433;14112.2;NULL;26.0356;NULL;1273
4DRX;A;NULL;0.0632437;16947.9;NULL;20.7644;NULL;750
4DUI;A;NULL;0.0496721;8563.31;NULL;17.7318;NULL;1031
4DX1;A;0.4992;0.0396149;12907.6;NULL;20.4441;1.33509375;612
4DX2;A;NULL;0.0402423;11877.7;NULL;19.9225;NULL;756
4DX5;A;NULL;0.0538907;45736;NULL;37.8707;NULL;758
4DX6;A;NULL;0.0538356;45666.2;NULL;37.8006;NULL;761
4DX7;A;NULL;0.0541417;45558;NULL;37.7881;NULL;764
4F1P;A;0.1505;0.04752;11592.1;NULL;19.555;1.32435428571429;767
4F6R;A;NULL;0.0644624;18054.7;NULL;21.026;NULL;769
4G8K;A;0.6817;0.0293971;14307.6;NULL;25.4483;1.65453181818182;773
4G8L;A;NULL;0.0279434;15104.3;NULL;25.7013;NULL;775
4GMR;A;0.6612;0.0527568;7881.51;NULL;16.927;2.33934696969697;1019
4GPM;A;0.6961;0.0541756;7632.76;NULL;16.1818;2.35686363636364;1020
4HBD;A;NULL;0.0363107;12117;NULL;21.6552;NULL;1249
4HLL;A;NULL;0.0559231;7414.93;NULL;16.1157;NULL;1250
4HNA;A;NULL;0.064186;17344.1;NULL;20.8495;NULL;1026
4HRL;A;NULL;0.0516095;8157.28;NULL;16.8218;NULL;1255
4HRN;A;NULL;0.0655909;5926.54;NULL;13.8551;NULL;1211
4J7W;A;NULL;0.0525301;7925.67;NULL;16.3036;NULL;1275
4J8Y;A;NULL;0.0527102;7803.35;NULL;16.2457;NULL;1277
4JB8;A;NULL;0.110297;9302.77;NULL;16.7739;NULL;1209
1AWC;B;0.6918;0.0558817;7388.47;NULL;15.9048;1.51013484848485;569
1BI7;B;0.6366;0.0655157;6372.18;NULL;14.0834;NULL;618
1BI8;B;0.6586;0.0513629;7181.39;NULL;16.5687;NULL;481
1BLX;B;0.6465;0.0500838;7878.29;NULL;17.1841;NULL;485
1G3N;B;0.685;0.0540014;7582.34;NULL;16.1966;NULL;489
1IHB;B;0.6886;0.0541212;8254.69;NULL;16.397;NULL;495
1K3Z;B;NULL;0.132575;7769.8;NULL;17.5422;NULL;500
1MX2;B;0.6909;0.0529399;8207.16;NULL;16.4311;NULL;503
1MX4;B;0.6777;0.0526824;8215.58;NULL;16.5736;NULL;505
1MX6;B;0.6916;0.0533473;8190.81;NULL;16.3923;NULL;507
1N0Q;B;NULL;0.0910128;5009.77;NULL;11.8923;NULL;1073
1NFI;B;NULL;0.17131;6502.34;NULL;13.9729;NULL;470
1OT8;B;0.6856;0.0414673;10159.2;NULL;19.3126;NULL;510
1OY3;B;NULL;0.145758;6990.19;NULL;15.3986;NULL;512
1S70;B;0.4776;0.0248244;17871.4;NULL;26.9865;1.55518787878788;573
1SVX;B;NULL;0.0974118;15893.2;NULL;21.3552;NULL;835
1SW6;B;0.1833;0.0687021;12174.9;NULL;19.0489;NULL;517
1YCS;B;0.2709;0.0540616;9808.61;NULL;17.7966;1.42261666666667;523
1YMP;B;0.6568;0.0626981;6816.43;NULL;14.2673;1.47473181818182;575
1YYH;B;0.7323;0.0475204;9154.46;NULL;18.3626;NULL;525
2AJA;B;NULL;0.0227186;18938.9;NULL;27.8761;NULL;786
2BKG;B;NULL;0.0539217;7547.42;NULL;16.0746;NULL;1241
2BKK;B;0.6798;0.051871;8042.68;NULL;16.4771;1.89060757575758;861
2DVW;B;NULL;0.103257;4795.85;NULL;11.7175;NULL;527
2DWZ;B;NULL;0.0992929;4748.85;NULL;11.7556;NULL;824
2DZN;B;NULL;0.129967;3886.93;NULL;10.9807;NULL;533
2DZO;B;NULL;0.125805;3842.52;NULL;10.9469;NULL;806
2ETA;B;0.5117;0.0426573;11371.5;NULL;20.0552;NULL;581
2ETC;B;NULL;0.0411975;12296.6;NULL;20.6821;NULL;626
2F37;B;0.504;0.0406049;12145.8;NULL;20.2851;NULL;584
2F8Y;B;NULL;0.0413702;10378.8;NULL;19.6341;NULL;628
2HE0;B;NULL;0.0463278;9220.31;NULL;18.5025;NULL;812
2JAB;B;NULL;0.0630013;6588.59;NULL;14.2257;NULL;1226
2KBX;B;NULL;0.0719732;5328.26;NULL;14.5963;NULL;814
2KXP;B;NULL;0.0367834;17985.5;NULL;23.9351;NULL;991
2P2C;B;NULL;0.116895;7746.13;NULL;16.6477;NULL;939
2QC9;B;NULL;0.0440298;9726.13;NULL;19.1102;NULL;587
2RFM;B;0.6698;0.0444884;9231.78;NULL;18.9272;NULL;590
2V4H;B;NULL;0.0260981;9194.13;NULL;39.5106;NULL;816
2V5Q;B;NULL;0.0615425;14794.5;NULL;19.6405;NULL;973
2XEE;B;NULL;0.0547298;7596.11;NULL;16.0025;NULL;1182
2XEH;B;NULL;0.0546372;7602.02;NULL;15.9945;NULL;1237
2XZD;B;NULL;0.124444;7047.83;NULL;16.3085;NULL;635
2XZT;B;NULL;0.122436;7197.81;NULL;16.4271;NULL;994
2Y0B;B;NULL;0.125166;7052.27;NULL;16.2845;NULL;643
3AAA;B;NULL;0.0460075;15541.4;NULL;20.6799;NULL;653
3AJI;B;NULL;0.102339;4904.87;NULL;11.8066;NULL;656
3B7B;B;0.7047;0.0390189;10461;NULL;20.606;NULL;552
3B95;B;0.7095;0.0383996;10550.5;NULL;20.6418;NULL;554
3C5R;B;0.6782;0.0235719;6570.28;NULL;14.244;NULL;556
3DEP;B;NULL;0.16344;1292.31;NULL;6.96533;NULL;1244
3EHQ;B;NULL;0.054702;9893.79;NULL;19.526;NULL;594
3EHR;B;NULL;0.0565223;9858.02;NULL;19.403;NULL;596
3EU9;B;NULL;0.0376855;10475;NULL;20.8892;NULL;560
3F6Q;B;NULL;0.0888944;5044.2;NULL;12.8668;NULL;598
3HG0;B;NULL;0.116339;8640.53;NULL;19.4121;NULL;981
3IXE;B;NULL;0.071065;5849.95;NULL;16.0949;NULL;602
3JUE;B;0.1438;0.0456626;12289.1;NULL;19.7871;1.31832714285714;660
3JXI;B;NULL;0.0394549;12905.9;NULL;20.7214;NULL;563
3JXJ;B;NULL;0.0389922;12656.4;NULL;20.7123;NULL;567
3KEA;B;0.3478;0.026937;15661.1;NULL;27.1988;1.18937575757576;604
3NBN;B;NULL;0.0452591;9707.26;NULL;18.8041;NULL;1118
3NOC;B;NULL;0.0516628;45316.5;NULL;36.9898;NULL;663
3NOG;B;NULL;0.0502;47381.5;NULL;37.2101;NULL;666
3P3N;B;NULL;0.133412;1340.15;NULL;9.56314;NULL;669
3P3P;B;NULL;0.122303;1650.44;NULL;10.2531;NULL;671
3Q9N;B;NULL;0.113454;7482.89;NULL;13.8746;NULL;1134
3Q9U;B;NULL;0.11099;7574.9;NULL;13.9489;NULL;1138
3TWQ;B;NULL;0.0530194;8745.89;NULL;16.8825;NULL;680
3TWR;B;0.6281;0.0563306;7835.27;NULL;16.1075;1.5804803030303;682
3TWS;B;NULL;0.0566362;7896.59;NULL;16.0799;NULL;690
3TWT;B;NULL;0.0568025;7960.09;NULL;16.0689;NULL;694
3TWU;B;NULL;0.104495;1569.34;NULL;9.88812;NULL;698
3TWV;B;NULL;0.0561444;7921.52;NULL;16.0919;NULL;700
3TWW;B;NULL;0.056307;7911.49;NULL;16.0648;NULL;704
3TWX;B;NULL;0.0562006;8021.27;NULL;16.1948;NULL;706
3UI2;B;NULL;0.117882;1985.65;NULL;8.84784;NULL;708
3UTM;B;NULL;0.027696;16179;NULL;31.7478;NULL;710
3UXG;B;NULL;0.0921205;2108.94;NULL;12.7513;NULL;713
3V2O;B;NULL;0.111847;1506.1;NULL;9.60155;NULL;715
3V2X;B;NULL;0.109516;1684.38;NULL;9.63682;NULL;717
3V30;B;NULL;0.082723;2032.79;NULL;11.7281;NULL;719
3V31;B;NULL;0.076897;2295.45;NULL;13.4274;NULL;721
3ZKJ;B;NULL;0.108372;5432.24;NULL;12.3289;NULL;1006
3ZU7;B;NULL;0.053777;7632.7;NULL;16.1324;NULL;1161
3ZUV;B;NULL;0.0629623;6698.1;NULL;14.1807;NULL;1162
4A63;B;NULL;0.0575689;10547.4;NULL;17.9921;NULL;732
4ATZ;B;NULL;0.143162;8603.49;NULL;15.6596;NULL;744
4B7E;B;NULL;0.104343;2191.52;NULL;11.9289;NULL;1167
4B7K;B;NULL;0.114806;1749.84;NULL;11.0212;NULL;1168
4B93;B;0.5165;0.0424639;9870.05;NULL;18.8511;1.5370803030303;749
4BEP;B;NULL;0.0580394;22112.7;NULL;22.753;NULL;1203
4BER;B;NULL;0.0596404;22447.1;NULL;22.9428;NULL;1205
4BET;B;NULL;0.0604917;22003;NULL;22.6879;NULL;1208
4BSZ;B;NULL;0.0579417;8066.11;NULL;15.39;NULL;1274
4DRX;B;NULL;0.0615658;17007.1;NULL;20.6941;NULL;751
4DX1;B;NULL;0.0398432;12502.7;NULL;20.2564;NULL;613
4DX2;B;NULL;0.0414154;12020.2;NULL;19.867;NULL;757
4DX5;B;NULL;0.0541339;45393.7;NULL;36.7291;NULL;759
4DX6;B;NULL;0.0540409;45409.1;NULL;36.7589;NULL;762
4DX7;B;NULL;0.0537987;45464.6;NULL;36.6915;NULL;765
4F1P;B;NULL;0.0479431;11625.2;NULL;19.5071;NULL;768
4F6R;B;NULL;0.0610603;17625.1;NULL;20.8875;NULL;770
4G8K;B;NULL;0.0291505;14161.7;NULL;25.4632;NULL;774
4G8L;B;NULL;0.0291299;14048.2;NULL;25.326;NULL;776
4GMR;B;NULL;0.0522542;7687.43;NULL;16.4948;NULL;1242
4GPM;B;NULL;0.0536588;7676.83;NULL;16.1641;NULL;1243
4HNA;B;NULL;0.0616568;17651.6;NULL;20.8915;NULL;1027
4HRM;B;NULL;0.0507626;6542.88;NULL;14.6878;NULL;1267
4HRN;B;NULL;0.0642936;5953.95;NULL;13.8417;NULL;1212
4J7W;B;NULL;0.0519744;7946.23;NULL;16.3889;NULL;1276
4JB8;B;NULL;0.129223;7121.62;NULL;16.1644;NULL;1210
1BI8;C;NULL;0.0560388;13837.7;NULL;19.6484;NULL;482
1G3N;C;NULL;0.0633427;11265;NULL;17.9804;NULL;490
1IKN;C;NULL;0.16042;6860.75;NULL;14.7108;NULL;476
1NFI;C;NULL;0.0661507;18389.1;NULL;28.9318;NULL;471
1OT8;C;0.7321;0.0454603;9251.28;NULL;18.3505;NULL;511
1OY3;C;NULL;0.106023;9671.53;NULL;22.9678;NULL;513
2BKK;C;NULL;0.0690286;14750;NULL;19.3995;NULL;860
2DWZ;C;0.6881;0.0402808;10790.2;NULL;21.0342;NULL;825
2DZN;C;0.6808;0.0405022;10894.7;NULL;20.9358;NULL;534
2DZO;C;0.6819;0.0408042;10626.7;NULL;20.7748;NULL;807
2F8X;C;NULL;0.0706964;22755.1;NULL;25.644;NULL;542
2JAB;C;NULL;0.0619531;6592.8;NULL;14.2724;NULL;1227
2KXP;C;0.489;0.0567011;7227.98;NULL;14.4547;1.51588181818182;992
2P2C;C;NULL;0.0906171;10760.5;NULL;18.3692;NULL;940
2V4H;C;0.6814;0.060978;6729.9;NULL;14.2368;1.69185303030303;960
2V5Q;C;0.6673;0.0635678;6573.28;NULL;14.2803;1.93525303030303;974
2XEE;C;NULL;0.0543039;7760.81;NULL;16.0489;NULL;1183
2XEH;C;NULL;0.0548161;7554.53;NULL;15.9688;NULL;1238
2XZD;C;NULL;0.113782;8911.57;NULL;16.5786;NULL;636
2XZT;C;NULL;0.112304;9103.82;NULL;16.7243;NULL;995
2Y0B;C;NULL;0.115459;8760.94;NULL;16.3435;NULL;644
3AAA;C;0.6411;0.0656713;6295.16;NULL;13.8723;1.4963;654
3AJI;C;NULL;0.0393501;10864.7;NULL;21.1684;NULL;657
3EU9;C;NULL;0.0395642;10400.9;NULL;20.9752;NULL;561
3HG0;C;NULL;0.114819;8749.13;NULL;19.7168;NULL;982
3JXI;C;NULL;0.0407159;12330.1;NULL;20.7458;NULL;564
3NBN;C;NULL;0.0424442;5705.03;NULL;23.3752;NULL;1119
3NOC;C;NULL;0.0550516;42673;NULL;36.8576;NULL;664
3NOG;C;NULL;0.0519993;44594.2;NULL;37.5617;NULL;667
3Q9N;C;NULL;0.0519436;7973.12;NULL;16.5046;NULL;1135
3Q9U;C;NULL;0.0497231;8092.56;NULL;16.6707;NULL;1139
3TWR;C;NULL;0.0565227;7918.82;NULL;16.0886;NULL;683
3TWS;C;NULL;0.0569698;7948.12;NULL;16.0389;NULL;691
3TWT;C;NULL;0.0557484;8139.27;NULL;16.3132;NULL;695
3TWV;C;NULL;0.0564554;7944.31;NULL;16.0843;NULL;701
3TWW;C;NULL;0.116092;1737.24;NULL;9.91435;NULL;1157
3TWX;C;NULL;0.116437;1751.51;NULL;10.0322;NULL;1159
3UTM;C;NULL;0.0434132;3800.69;NULL;20.8301;NULL;711
3V79;C;NULL;0.0709955;22291.4;NULL;25.5988;NULL;1002
3ZKJ;C;NULL;0.105345;6069.18;NULL;16.1635;NULL;1007
3ZUV;C;NULL;0.0703131;18351.7;NULL;22.1397;NULL;730
4A63;C;NULL;0.140247;11130.9;NULL;17.05;NULL;733
4ATZ;C;NULL;0.141964;8784.27;NULL;15.7947;NULL;745
4DRX;C;NULL;0.0644957;16617.5;NULL;20.6005;NULL;752
4DX5;C;NULL;0.0560104;42821.8;NULL;36.9787;NULL;760
4DX6;C;NULL;0.0555071;42742.9;NULL;37.0169;NULL;763
4DX7;C;NULL;0.0554399;43083.1;NULL;37.0375;NULL;766
4F6R;C;NULL;0.0286847;6702.32;NULL;34.0091;NULL;1194
4G8L;C;NULL;0.0281857;14693.7;NULL;25.7763;NULL;777
4HRL;C;NULL;0.078623;8269.4;NULL;14.9236;NULL;1256
4HRN;C;NULL;0.0905207;4672.38;NULL;13.0957;NULL;1245
1BI8;D;0.6586;0.0513708;7177.85;NULL;16.5687;NULL;483
1IKN;D;0.554;0.0374523;11418;NULL;20.2046;1.4781303030303;477
1K3Z;D;0.5577;0.0408876;11109.6;NULL;20.19;1.66613787878788;501
1NFI;D;NULL;0.171422;6495.98;NULL;13.9729;NULL;472
1OY3;D;0.5703;0.0420589;10843.5;NULL;19.9047;NULL;514
2BKK;D;NULL;0.0522577;7650.36;NULL;16.2686;NULL;1240
2DWZ;D;NULL;0.102158;4718.27;NULL;11.7241;NULL;826
2DZN;D;NULL;0.11663;4141.32;NULL;11.1543;NULL;535
2DZO;D;NULL;0.114252;4156.31;NULL;11.1649;NULL;808
2FO1;D;NULL;0.0360056;6430.19;NULL;27.1324;NULL;546
2P2C;D;NULL;0.113876;7906.23;NULL;17.1353;NULL;941
2V4H;D;NULL;0.0599362;6994.4;NULL;14.5181;NULL;1221
2V5Q;D;NULL;0.0651508;6288.57;NULL;14.1486;NULL;1239
2XEE;D;NULL;0.0542553;7639.5;NULL;16.0264;NULL;1184
2XZD;D;NULL;0.12746;6977.77;NULL;16.0435;NULL;637
2XZT;D;NULL;0.125326;7103.54;NULL;16.1777;NULL;996
2Y0B;D;NULL;0.127568;7007.9;NULL;16.0405;NULL;645
3AJI;D;NULL;0.102551;4959.88;NULL;11.8723;NULL;658
3HG0;D;0.6844;0.0598182;6597.89;NULL;14.2398;1.69873484848485;983
3JXI;D;NULL;0.0388469;12673.8;NULL;20.8881;NULL;565
3NBN;D;NULL;0.0707164;21859.5;NULL;25.4013;NULL;1120
3NOC;D;NULL;0.0513452;7514.8;NULL;15.8879;NULL;1129
3NOG;D;NULL;0.0464589;7852.07;NULL;16.2922;NULL;1131
3Q9N;D;NULL;0.0510759;7912.92;NULL;16.5662;NULL;1136
3Q9U;D;NULL;0.0493088;8042.2;NULL;16.7059;NULL;1140
3TWR;D;NULL;0.0569086;7936.04;NULL;16.0982;NULL;684
3TWS;D;NULL;0.0577738;7804.89;NULL;15.9204;NULL;692
3TWT;D;NULL;0.055723;8128.86;NULL;16.2404;NULL;696
3TWV;D;NULL;0.0574889;7752.27;NULL;15.9795;NULL;702
3TWW;D;NULL;0.124648;1616.86;NULL;9.21839;NULL;1158
3TWX;D;NULL;0.11605;1767.64;NULL;10.0337;NULL;1160
3ZKJ;D;NULL;0.0347809;12825.3;NULL;22.0396;NULL;1008
3ZUV;D;NULL;0.0624183;6700.49;NULL;14.2664;NULL;1163
4A63;D;NULL;0.0606892;9564.67;NULL;17.1462;NULL;734
4ATZ;D;NULL;0.052255;7782.41;NULL;16.2464;NULL;1164
4DRX;D;NULL;0.0610291;17228.9;NULL;20.8288;NULL;753
4DX5;D;NULL;0.053017;8084.08;NULL;16.1863;NULL;1171
4DX7;D;NULL;0.0531122;7976.57;NULL;16.1751;NULL;1173
4F6R;D;NULL;0.0542902;7807.68;NULL;16.3331;NULL;1195
4G8L;D;NULL;0.0289926;14052.6;NULL;25.3437;NULL;778
4HNA;D;NULL;0.0538474;7831.29;NULL;16.3633;NULL;1025
4HRM;D;NULL;0.0465969;6435.84;NULL;14.1238;NULL;1268
4HRN;D;NULL;0.0938005;4516.5;NULL;12.7207;NULL;1246
1G3N;E;NULL;0.0532583;15248.3;NULL;20.5696;NULL;491
1NFI;E;0.6748;0.0402403;10313.7;NULL;20.1714;NULL;473
2B0O;E;0.2007;0.0453187;13512.4;NULL;19.7114;NULL;797
2DZN;E;0.6824;0.0408649;10880.7;NULL;20.8797;NULL;536
2FO1;E;NULL;0.0292502;16970.5;NULL;24.2879;NULL;547
2P2C;E;NULL;0.0915711;10748.7;NULL;18.0383;NULL;942
3LVQ;E;0;0.0300338;19973.3;NULL;23.3603;1.31385303030303;610
3LVR;E;NULL;0.0299427;20227.1;NULL;23.3601;NULL;611
3NBN;E;NULL;0.0452122;9710.96;NULL;18.8087;NULL;1121
3NOC;E;NULL;0.0515722;7509.89;NULL;15.7928;NULL;1130
3NOG;E;NULL;0.0443892;8218.78;NULL;16.0818;NULL;1132
3TWR;E;NULL;0.107663;1799.12;NULL;10.3841;NULL;685
3TWS;E;NULL;0.113346;1945.01;NULL;10.8931;NULL;1145
3TWT;E;NULL;0.116959;1692.96;NULL;9.85009;NULL;1149
3TWV;E;NULL;0.115861;1754.97;NULL;9.66823;NULL;1153
3ZKJ;E;NULL;0.107527;5424.67;NULL;12.3977;NULL;1009
4A63;E;NULL;0.140028;10874.5;NULL;16.9589;NULL;735
4ATZ;E;NULL;0.0517289;7819.32;NULL;16.2348;NULL;1165
4DRX;E;NULL;0.0514997;7816.83;NULL;16.1931;NULL;1169
4DX5;E;NULL;0.0550241;7615.83;NULL;15.9081;NULL;1172
4DX7;E;NULL;0.0544403;7707.85;NULL;15.925;NULL;1174
1G3N;F;0.6848;0.0541399;7598.08;NULL;16.1987;NULL;492
1NFI;F;0.6649;0.0401256;10330.2;NULL;20.1714;NULL;474
2B0O;F;0.1841;0.0436365;13878.2;NULL;20.6454;1.36990454545455;798
2DZN;F;NULL;0.0979167;4534.15;NULL;11.4153;NULL;537
2P2C;F;NULL;0.116314;7618.58;NULL;16.5874;NULL;943
3NBN;F;NULL;0.0424795;5702.7;NULL;23.3862;NULL;1122
3TWR;F;NULL;0.113741;1802.6;NULL;10.105;NULL;686
3TWS;F;NULL;0.117381;1676.6;NULL;9.87221;NULL;1146
3TWT;F;NULL;0.108996;1797.9;NULL;10.4253;NULL;1150
3TWV;F;NULL;0.127329;1545.71;NULL;9.01486;NULL;1154
3ZKJ;F;NULL;0.124381;6802.53;NULL;16.1158;NULL;1010
4A63;F;NULL;0.0603761;9657.98;NULL;17.2883;NULL;736
4ATZ;F;NULL;0.0523863;7674.72;NULL;16.0825;NULL;1166
4DRX;F;NULL;0.0518963;7756.42;NULL;16.1423;NULL;1170
1G3N;G;NULL;0.062531;11308;NULL;17.9864;NULL;493
2B0O;G;0.2008;0.0457649;12382.6;NULL;19.3414;NULL;799
2P2C;G;NULL;0.0931195;10680.2;NULL;18.0913;NULL;944
2XZD;G;NULL;0.0660694;6596.25;NULL;13.965;NULL;1110
2XZT;G;NULL;0.0651736;6676.72;NULL;14.0971;NULL;997
2Y0B;G;NULL;0.0669419;6593.19;NULL;13.9485;NULL;1112
3TWR;G;NULL;0.127088;1550.68;NULL;8.99669;NULL;687
3TWS;G;NULL;0.129016;1510.46;NULL;8.93101;NULL;1147
3TWT;G;NULL;0.0847826;2266.12;NULL;12.9526;NULL;1151
3TWV;G;NULL;0.105223;1922.85;NULL;10.6771;NULL;1155
4A63;G;NULL;0.139636;11312.3;NULL;17.1339;NULL;737
2B0O;H;0.1868;0.0441797;13856.6;NULL;20.4258;NULL;800
2P2C;H;NULL;0.113441;7979.82;NULL;17.2098;NULL;945
2XZD;H;NULL;0.066201;6432.09;NULL;14.0232;NULL;1111
2XZT;H;NULL;0.0651736;6676.72;NULL;14.0971;NULL;998
2Y0B;H;NULL;0.0668712;6479.27;NULL;13.9968;NULL;1113
3TWR;H;NULL;0.115176;1696.58;NULL;9.73264;NULL;688
3TWS;H;NULL;0.129412;1504.79;NULL;9.04324;NULL;1148
3TWT;H;NULL;0.089814;2117.3;NULL;12.4268;NULL;1152
3TWV;H;NULL;0.126949;1614.52;NULL;8.94568;NULL;1156
4A63;H;NULL;0.059367;9736.3;NULL;17.5604;NULL;738
2P2C;I;NULL;0.0936613;10438.3;NULL;18.043;NULL;946
4A63;I;NULL;0.139756;11227.5;NULL;17.0987;NULL;739
2P2C;J;NULL;0.122002;7483.83;NULL;16.3426;NULL;947
4A63;J;NULL;0.0596441;10273.7;NULL;17.8216;NULL;740
2F8X;K;NULL;0.0385593;10807.6;NULL;20.2627;NULL;543
2P2C;K;NULL;0.092777;10485.3;NULL;17.8508;NULL;948
3V79;K;NULL;0.0388344;10928.9;NULL;20.5921;NULL;1003
4A63;K;NULL;0.140795;11054.6;NULL;17.0025;NULL;741
4HNA;K;NULL;0.113122;15124.1;NULL;19.6508;NULL;1029
2P2C;L;NULL;0.125034;7155.62;NULL;15.5967;NULL;949
4A63;L;NULL;0.0607016;9693.14;NULL;17.3538;NULL;742
2F8X;M;NULL;0.0425314;5962.78;NULL;23.5539;NULL;544
3V79;M;NULL;0.0425419;5910.02;NULL;23.456;NULL;1004
2P2C;P;0.6542;0.0514538;8848.3;NULL;16.6881;1.92856818181818;950
3B95;P;NULL;0.101234;1308.97;NULL;9.66536;NULL;1109
2P2C;Q;NULL;0.0521593;8585.55;NULL;16.4394;NULL;1175
2P2C;R;NULL;0.0512203;8827.51;NULL;16.5227;NULL;1176
3V79;R;NULL;0.0781045;2834.4;NULL;13.3764;NULL;1187
2P2C;S;NULL;0.053542;8381.38;NULL;16.1363;NULL;1177
2P2C;T;NULL;0.0545336;8416.88;NULL;16.0363;NULL;1178
2P2C;U;NULL;0.053598;8493.83;NULL;16.2196;NULL;1179
