idUniprot;GoDef
A8KA01;GO:0005737
A8KA01;GO:0005794
A8KA01;GO:0008270
A8KA01;GO:0016409
A8KA01;GO:0018345
A8KA01;GO:0043231
A8KA01;GO:0046872
B4E085;GO:0004197
B4E085;GO:0006508
B4E085;GO:0006915
B4E085;GO:0008233
B4E085;GO:0008234
B4E085;GO:0016787
B4E0I5;GO:0001554
B4E0I5;GO:0003407
B4E0I5;GO:0004197
B4E0I5;GO:0005634
B4E0I5;GO:0005737
B4E0I5;GO:0005739
B4E0I5;GO:0006508
B4E0I5;GO:0006915
B4E0I5;GO:0006917
B4E0I5;GO:0007420
B4E0I5;GO:0007568
B4E0I5;GO:0008233
B4E0I5;GO:0008234
B4E0I5;GO:0016020
B4E0I5;GO:0016787
B4E0I5;GO:0043065
B4E0I5;GO:0043525
D0VWY9;GO:0000166
D0VWY9;GO:0003924
D0VWY9;GO:0005200
D0VWY9;GO:0005525
D0VWY9;GO:0005737
D0VWY9;GO:0005856
D0VWY9;GO:0005874
D0VWY9;GO:0006184
D0VWY9;GO:0007017
D0VWY9;GO:0043234
D0VWY9;GO:0051258
D0VWZ0;GO:0000166
D0VWZ0;GO:0003924
D0VWZ0;GO:0005200
D0VWZ0;GO:0005525
D0VWZ0;GO:0005737
D0VWZ0;GO:0005856
D0VWZ0;GO:0005874
D0VWZ0;GO:0006184
D0VWZ0;GO:0007017
D0VWZ0;GO:0043234
D0VWZ0;GO:0051258
F1NYW1;GO:0005034
F1NYW1;GO:0005216
F1NYW1;GO:0005261
F1NYW1;GO:0005262
F1NYW1;GO:0005516
F1NYW1;GO:0005912
F1NYW1;GO:0005929
F1NYW1;GO:0006810
F1NYW1;GO:0006811
F1NYW1;GO:0006874
F1NYW1;GO:0006970
F1NYW1;GO:0007043
F1NYW1;GO:0007204
F1NYW1;GO:0007231
F1NYW1;GO:0016020
F1NYW1;GO:0016021
F1NYW1;GO:0019901
F1NYW1;GO:0030103
F1NYW1;GO:0042169
F1NYW1;GO:0042538
F1NYW1;GO:0047484
F1NYW1;GO:0055085
F1NYW1;GO:0070509
F1NYW1;GO:0071476
O14593;GO:0003677
O14593;GO:0003700
O14593;GO:0003712
O14593;GO:0005634
O14593;GO:0005737
O14593;GO:0006351
O14593;GO:0006355
O14593;GO:0007265
O14593;GO:0042826
O14593;GO:0045944
O15350;GO:0000122
O15350;GO:0000187
O15350;GO:0000785
O15350;GO:0001822
O15350;GO:0001836
O15350;GO:0002039
O15350;GO:0003677
O15350;GO:0003682
O15350;GO:0003684
O15350;GO:0003690
O15350;GO:0003700
O15350;GO:0005515
O15350;GO:0005634
O15350;GO:0005667
O15350;GO:0005737
O15350;GO:0005829
O15350;GO:0006298
O15350;GO:0006351
O15350;GO:0006355
O15350;GO:0006915
O15350;GO:0006954
O15350;GO:0006974
O15350;GO:0006978
O15350;GO:0007049
O15350;GO:0007050
O15350;GO:0008134
O15350;GO:0008630
O15350;GO:0009791
O15350;GO:0010165
O15350;GO:0010243
O15350;GO:0010332
O15350;GO:0019901
O15350;GO:0021766
O15350;GO:0030900
O15350;GO:0031571
O15350;GO:0033326
O15350;GO:0034644
O15350;GO:0042771
O15350;GO:0042802
O15350;GO:0043065
O15350;GO:0043066
O15350;GO:0043508
O15350;GO:0043523
O15350;GO:0043524
O15350;GO:0043565
O15350;GO:0044212
O15350;GO:0045665
O15350;GO:0045793
O15350;GO:0045893
O15350;GO:0045944
O15350;GO:0046872
O15350;GO:0048546
O15350;GO:0048666
O15350;GO:0048714
O15350;GO:0051262
O22265;GO:0005515
O22265;GO:0005634
O22265;GO:0005786
O22265;GO:0009507
O22265;GO:0009535
O22265;GO:0009536
O22265;GO:0009570
O22265;GO:0009637
O22265;GO:0009644
O22265;GO:0009744
O22265;GO:0009941
O22265;GO:0010114
O22265;GO:0010155
O22265;GO:0010218
O22265;GO:0019344
O22265;GO:0030529
O22265;GO:0042802
O22265;GO:0045038
O22265;GO:0046777
O22265;GO:0046872
O22265;GO:0080085
O35433;GO:0000166
O35433;GO:0001659
O35433;GO:0001660
O35433;GO:0001774
O35433;GO:0002024
O35433;GO:0002790
O35433;GO:0004698
O35433;GO:0005216
O35433;GO:0005227
O35433;GO:0005261
O35433;GO:0005262
O35433;GO:0005515
O35433;GO:0005516
O35433;GO:0005524
O35433;GO:0005829
O35433;GO:0005886
O35433;GO:0006468
O35433;GO:0006629
O35433;GO:0006810
O35433;GO:0006811
O35433;GO:0006816
O35433;GO:0007204
O35433;GO:0008324
O35433;GO:0009268
O35433;GO:0009408
O35433;GO:0009897
O35433;GO:0014047
O35433;GO:0014832
O35433;GO:0016020
O35433;GO:0016021
O35433;GO:0017081
O35433;GO:0019233
O35433;GO:0030054
O35433;GO:0030425
O35433;GO:0032591
O35433;GO:0042221
O35433;GO:0042637
O35433;GO:0042995
O35433;GO:0043005
O35433;GO:0043025
O35433;GO:0043065
O35433;GO:0043434
O35433;GO:0045202
O35433;GO:0045211
O35433;GO:0045429
O35433;GO:0048265
O35433;GO:0048266
O35433;GO:0050954
O35433;GO:0050968
O35433;GO:0060083
O35433;GO:0060454
O35433;GO:0070588
O35433;GO:0071363
O35433;GO:0071502
O35433;GO:0090212
O35625;GO:0000209
O35625;GO:0001701
O35625;GO:0001743
O35625;GO:0001932
O35625;GO:0001934
O35625;GO:0002039
O35625;GO:0004871
O35625;GO:0005096
O35625;GO:0005515
O35625;GO:0005622
O35625;GO:0005634
O35625;GO:0005737
O35625;GO:0005881
O35625;GO:0005886
O35625;GO:0005938
O35625;GO:0006913
O35625;GO:0006915
O35625;GO:0007257
O35625;GO:0007275
O35625;GO:0007368
O35625;GO:0007605
O35625;GO:0008013
O35625;GO:0008022
O35625;GO:0008219
O35625;GO:0009950
O35625;GO:0009953
O35625;GO:0010800
O35625;GO:0014069
O35625;GO:0016020
O35625;GO:0016023
O35625;GO:0016055
O35625;GO:0016328
O35625;GO:0019899
O35625;GO:0019901
O35625;GO:0019904
O35625;GO:0021797
O35625;GO:0021881
O35625;GO:0030163
O35625;GO:0030178
O35625;GO:0030511
O35625;GO:0030877
O35625;GO:0030910
O35625;GO:0031122
O35625;GO:0031398
O35625;GO:0031410
O35625;GO:0031625
O35625;GO:0032147
O35625;GO:0032436
O35625;GO:0032947
O35625;GO:0033138
O35625;GO:0034244
O35625;GO:0035412
O35625;GO:0036342
O35625;GO:0038032
O35625;GO:0042802
O35625;GO:0042803
O35625;GO:0043234
O35625;GO:0043507
O35625;GO:0043547
O35625;GO:0043621
O35625;GO:0043623
O35625;GO:0044444
O35625;GO:0044459
O35625;GO:0045599
O35625;GO:0045860
O35625;GO:0045893
O35625;GO:0046330
O35625;GO:0046332
O35625;GO:0048048
O35625;GO:0048318
O35625;GO:0048320
O35625;GO:0048471
O35625;GO:0051248
O35625;GO:0051260
O35625;GO:0051443
O35625;GO:0055001
O35625;GO:0060070
O35625;GO:0060823
O35625;GO:0070016
O35625;GO:0070411
O35625;GO:0070412
O35625;GO:0071407
O35625;GO:0071514
O35625;GO:0071944
O35625;GO:0090090
O35625;GO:0090244
O35625;GO:2000060
O75832;colocalize
O75832;GO:0000075
O75832;GO:0000082
O75832;GO:0000084
O75832;GO:0000122
O75832;GO:0000209
O75832;GO:0000216
O75832;GO:0000278
O75832;GO:0000502
O75832;GO:0002474
O75832;GO:0002479
O75832;GO:0005515
O75832;GO:0005634
O75832;GO:0005654
O75832;GO:0005737
O75832;GO:0005829
O75832;GO:0005838
O75832;GO:0006521
O75832;GO:0006915
O75832;GO:0006977
O75832;GO:0007253
O75832;GO:0008134
O75832;GO:0010467
O75832;GO:0015629
O75832;GO:0016032
O75832;GO:0016070
O75832;GO:0016071
O75832;GO:0030307
O75832;GO:0031145
O75832;GO:0031398
O75832;GO:0032088
O75832;GO:0032436
O75832;GO:0034641
O75832;GO:0042590
O75832;GO:0042981
O75832;GO:0043066
O75832;GO:0043409
O75832;GO:0043518
O75832;GO:0044281
O75832;GO:0045111
O75832;GO:0045737
O75832;GO:0051436
O75832;GO:0051437
O75832;GO:0051439
O75832;GO:0070682
O75832;GO:0090201
O88522;GO:0001782
O88522;GO:0005515
O88522;GO:0005634
O88522;GO:0005737
O88522;GO:0006351
O88522;GO:0006355
O88522;GO:0007250
O88522;GO:0046872
P01427;GO:0005576
P01427;GO:0035792
P01427;GO:0035821
P04626;contribute
P04626;GO:0000166
P04626;GO:0001042
P04626;GO:0001934
P04626;GO:0004672
P04626;GO:0004713
P04626;GO:0004714
P04626;GO:0004716
P04626;GO:0004888
P04626;GO:0005006
P04626;GO:0005515
P04626;GO:0005524
P04626;GO:0005634
P04626;GO:0005737
P04626;GO:0005886
P04626;GO:0006351
P04626;GO:0006355
P04626;GO:0006468
P04626;GO:0007165
P04626;GO:0007166
P04626;GO:0007167
P04626;GO:0007169
P04626;GO:0007173
P04626;GO:0007399
P04626;GO:0007411
P04626;GO:0007422
P04626;GO:0007507
P04626;GO:0007528
P04626;GO:0008022
P04626;GO:0008045
P04626;GO:0008283
P04626;GO:0008543
P04626;GO:0010008
P04626;GO:0014065
P04626;GO:0016020
P04626;GO:0016021
P04626;GO:0016301
P04626;GO:0016310
P04626;GO:0016323
P04626;GO:0016324
P04626;GO:0016740
P04626;GO:0016772
P04626;GO:0019903
P04626;GO:0023014
P04626;GO:0030307
P04626;GO:0030879
P04626;GO:0032321
P04626;GO:0032886
P04626;GO:0033088
P04626;GO:0042060
P04626;GO:0042552
P04626;GO:0042802
P04626;GO:0043125
P04626;GO:0043235
P04626;GO:0043406
P04626;GO:0045087
P04626;GO:0045727
P04626;GO:0045765
P04626;GO:0045785
P04626;GO:0045943
P04626;GO:0045945
P04626;GO:0046777
P04626;GO:0046982
P04626;GO:0046983
P04626;GO:0048011
P04626;GO:0048015
P04626;GO:0048471
P04626;GO:0050679
P04626;GO:0070372
P04637;colocalize
P04637;GO:0000060
P04637;GO:0000075
P04637;GO:0000122
P04637;GO:0000733
P04637;GO:0000785
P04637;GO:0000790
P04637;GO:0001077
P04637;GO:0001085
P04637;GO:0001228
P04637;GO:0001701
P04637;GO:0001756
P04637;GO:0001836
P04637;GO:0002020
P04637;GO:0002039
P04637;GO:0002309
P04637;GO:0002326
P04637;GO:0002360
P04637;GO:0003677
P04637;GO:0003682
P04637;GO:0003684
P04637;GO:0003700
P04637;GO:0005507
P04637;GO:0005515
P04637;GO:0005524
P04637;GO:0005634
P04637;GO:0005654
P04637;GO:0005657
P04637;GO:0005730
P04637;GO:0005737
P04637;GO:0005739
P04637;GO:0005759
P04637;GO:0005783
P04637;GO:0005829
P04637;GO:0006284
P04637;GO:0006289
P04637;GO:0006302
P04637;GO:0006351
P04637;GO:0006355
P04637;GO:0006461
P04637;GO:0006915
P04637;GO:0006917
P04637;GO:0006974
P04637;GO:0006977
P04637;GO:0006978
P04637;GO:0006979
P04637;GO:0006983
P04637;GO:0007049
P04637;GO:0007050
P04637;GO:0007179
P04637;GO:0007265
P04637;GO:0007275
P04637;GO:0007369
P04637;GO:0007406
P04637;GO:0007417
P04637;GO:0007569
P04637;GO:0007596
P04637;GO:0008104
P04637;GO:0008134
P04637;GO:0008156
P04637;GO:0008270
P04637;GO:0008283
P04637;GO:0008285
P04637;GO:0008340
P04637;GO:0009303
P04637;GO:0009411
P04637;GO:0009651
P04637;GO:0009792
P04637;GO:0010165
P04637;GO:0010332
P04637;GO:0016363
P04637;GO:0016605
P04637;GO:0019048
P04637;GO:0019899
P04637;GO:0019901
P04637;GO:0030154
P04637;GO:0030308
P04637;GO:0030330
P04637;GO:0030512
P04637;GO:0030971
P04637;GO:0031065
P04637;GO:0031571
P04637;GO:0031625
P04637;GO:0032461
P04637;GO:0033077
P04637;GO:0034613
P04637;GO:0034644
P04637;GO:0035033
P04637;GO:0035035
P04637;GO:0035264
P04637;GO:0035690
P04637;GO:0042127
P04637;GO:0042149
P04637;GO:0042493
P04637;GO:0042771
P04637;GO:0042802
P04637;GO:0042981
P04637;GO:0043065
P04637;GO:0043066
P04637;GO:0043234
P04637;GO:0043523
P04637;GO:0043525
P04637;GO:0044212
P04637;GO:0045892
P04637;GO:0045893
P04637;GO:0045944
P04637;GO:0046677
P04637;GO:0046872
P04637;GO:0046902
P04637;GO:0046982
P04637;GO:0047485
P04637;GO:0048147
P04637;GO:0050731
P04637;GO:0051087
P04637;GO:0051097
P04637;GO:0051262
P04637;GO:0051276
P04637;GO:0051402
P04637;GO:0051721
P04637;GO:0051726
P04637;GO:0070245
P04637;GO:0071158
P04637;GO:0071456
P04637;GO:0071479
P04637;GO:0071850
P04637;GO:0072332
P04637;GO:0090200
P04637;GO:0090343
P04637;GO:0090399
P04637;GO:0090403
P04637;GO:0097193
P04637;GO:0097371
P04637;GO:2000379
P04637;GO:2001244
P05556;colocalize
P05556;GO:0000082
P05556;GO:0001669
P05556;GO:0001701
P05556;GO:0001708
P05556;GO:0001726
P05556;GO:0001894
P05556;GO:0001948
P05556;GO:0001968
P05556;GO:0002020
P05556;GO:0002042
P05556;GO:0003779
P05556;GO:0004872
P05556;GO:0005102
P05556;GO:0005178
P05556;GO:0005515
P05556;GO:0005518
P05556;GO:0005604
P05556;GO:0005737
P05556;GO:0005886
P05556;GO:0005911
P05556;GO:0005912
P05556;GO:0005925
P05556;GO:0006874
P05556;GO:0006968
P05556;GO:0007155
P05556;GO:0007156
P05556;GO:0007159
P05556;GO:0007160
P05556;GO:0007161
P05556;GO:0007229
P05556;GO:0007275
P05556;GO:0007411
P05556;GO:0007596
P05556;GO:0008277
P05556;GO:0008284
P05556;GO:0008285
P05556;GO:0008305
P05556;GO:0008354
P05556;GO:0009897
P05556;GO:0009986
P05556;GO:0010811
P05556;GO:0010976
P05556;GO:0014704
P05556;GO:0014823
P05556;GO:0016020
P05556;GO:0016021
P05556;GO:0016477
P05556;GO:0019048
P05556;GO:0019900
P05556;GO:0019901
P05556;GO:0019904
P05556;GO:0030056
P05556;GO:0030175
P05556;GO:0030183
P05556;GO:0030335
P05556;GO:0031175
P05556;GO:0031345
P05556;GO:0031594
P05556;GO:0031667
P05556;GO:0032154
P05556;GO:0032403
P05556;GO:0032594
P05556;GO:0033631
P05556;GO:0034329
P05556;GO:0034667
P05556;GO:0034678
P05556;GO:0034679
P05556;GO:0034698
P05556;GO:0035748
P05556;GO:0042277
P05556;GO:0042383
P05556;GO:0042470
P05556;GO:0042493
P05556;GO:0043065
P05556;GO:0043236
P05556;GO:0043410
P05556;GO:0045121
P05556;GO:0045202
P05556;GO:0045214
P05556;GO:0045596
P05556;GO:0045665
P05556;GO:0045666
P05556;GO:0045807
P05556;GO:0046872
P05556;GO:0046982
P05556;GO:0050731
P05556;GO:0050776
P05556;GO:0050900
P05556;GO:0051393
P05556;GO:0051726
P05556;GO:0055007
P05556;GO:0060135
P05556;GO:0070830
P05556;GO:0071260
P05556;GO:0071305
P05556;GO:0071479
P05556;GO:0071559
P05556;GO:2000811
P05750;GO:0000056
P05750;GO:0002181
P05750;GO:0003723
P05750;GO:0003735
P05750;GO:0003906
P05750;GO:0005622
P05750;GO:0005737
P05750;GO:0005840
P05750;GO:0006407
P05750;GO:0006412
P05750;GO:0015935
P05750;GO:0022627
P05750;GO:0030529
P05750;GO:0030686
P05750;GO:0030688
P07207;colocalize
P07207;GO:0000122
P07207;GO:0001708
P07207;GO:0001745
P07207;GO:0003682
P07207;GO:0004872
P07207;GO:0004888
P07207;GO:0005509
P07207;GO:0005515
P07207;GO:0005622
P07207;GO:0005634
P07207;GO:0005654
P07207;GO:0005768
P07207;GO:0005788
P07207;GO:0005796
P07207;GO:0005829
P07207;GO:0005886
P07207;GO:0005912
P07207;GO:0006351
P07207;GO:0006355
P07207;GO:0007015
P07207;GO:0007155
P07207;GO:0007157
P07207;GO:0007219
P07207;GO:0007275
P07207;GO:0007293
P07207;GO:0007297
P07207;GO:0007298
P07207;GO:0007314
P07207;GO:0007346
P07207;GO:0007391
P07207;GO:0007398
P07207;GO:0007399
P07207;GO:0007400
P07207;GO:0007403
P07207;GO:0007411
P07207;GO:0007419
P07207;GO:0007422
P07207;GO:0007423
P07207;GO:0007424
P07207;GO:0007440
P07207;GO:0007446
P07207;GO:0007447
P07207;GO:0007450
P07207;GO:0007451
P07207;GO:0007460
P07207;GO:0007464
P07207;GO:0007473
P07207;GO:0007474
P07207;GO:0007476
P07207;GO:0007478
P07207;GO:0007498
P07207;GO:0007519
P07207;GO:0007521
P07207;GO:0007616
P07207;GO:0008045
P07207;GO:0008284
P07207;GO:0008347
P07207;GO:0008356
P07207;GO:0008407
P07207;GO:0008587
P07207;GO:0009608
P07207;GO:0009952
P07207;GO:0009986
P07207;GO:0010001
P07207;GO:0010629
P07207;GO:0016020
P07207;GO:0016021
P07207;GO:0016330
P07207;GO:0016333
P07207;GO:0016348
P07207;GO:0030154
P07207;GO:0030707
P07207;GO:0030708
P07207;GO:0030713
P07207;GO:0030718
P07207;GO:0030720
P07207;GO:0035003
P07207;GO:0035153
P07207;GO:0035155
P07207;GO:0035157
P07207;GO:0035162
P07207;GO:0035165
P07207;GO:0035167
P07207;GO:0035170
P07207;GO:0035171
P07207;GO:0035172
P07207;GO:0035214
P07207;GO:0036011
P07207;GO:0040008
P07207;GO:0042067
P07207;GO:0042676
P07207;GO:0042686
P07207;GO:0042688
P07207;GO:0042689
P07207;GO:0043234
P07207;GO:0045316
P07207;GO:0045463
P07207;GO:0045465
P07207;GO:0045466
P07207;GO:0045468
P07207;GO:0045595
P07207;GO:0045747
P07207;GO:0045750
P07207;GO:0045944
P07207;GO:0046329
P07207;GO:0046331
P07207;GO:0046666
P07207;GO:0046667
P07207;GO:0046843
P07207;GO:0048052
P07207;GO:0048190
P07207;GO:0048477
P07207;GO:0048542
P07207;GO:0048666
P07207;GO:0048749
P07207;GO:0048803
P07207;GO:0048863
P07207;GO:0050767
P07207;GO:0050768
P07207;GO:0050793
P07207;GO:0051489
P07207;GO:0060288
P07207;GO:0061331
P07207;GO:0061382
P07207;NOT
P09959;GO:0001105
P09959;GO:0003677
P09959;GO:0005515
P09959;GO:0005634
P09959;GO:0005737
P09959;GO:0006351
P09959;GO:0006355
P09959;GO:0010845
P09959;GO:0030907
P09959;GO:0033309
P09959;GO:0045944
P09959;GO:0061408
P09959;GO:0071931
P0ACC7;GO:0000287
P0ACC7;GO:0000902
P0ACC7;GO:0003824
P0ACC7;GO:0003977
P0ACC7;GO:0005737
P0ACC7;GO:0006048
P0ACC7;GO:0008152
P0ACC7;GO:0008360
P0ACC7;GO:0009103
P0ACC7;GO:0009245
P0ACC7;GO:0009252
P0ACC7;GO:0016740
P0ACC7;GO:0016746
P0ACC7;GO:0016779
P0ACC7;GO:0019134
P0ACC7;GO:0042802
P0ACC7;GO:0046872
P0AEX9;GO:0005215
P0AEX9;GO:0005363
P0AEX9;GO:0005515
P0AEX9;GO:0006810
P0AEX9;GO:0006974
P0AEX9;GO:0008643
P0AEX9;GO:0015768
P0AEX9;GO:0042597
P0AEX9;GO:0042956
P0AEX9;GO:0043190
P0AEX9;GO:0055052
P11818;GO:0007155
P11818;GO:0009405
P11818;GO:0019012
P11818;GO:0019028
P11818;GO:0019048
P11818;GO:0019058
P11818;GO:0019062
P11818;GO:0042025
P11818;GO:0046718
P13127;GO:0003779
P13127;GO:0005737
P13127;GO:0005829
P13127;GO:0008290
P13127;GO:0030018
P13127;GO:0030036
P13127;GO:0051693
P13127;GO:0071203
P14315;GO:0003779
P14315;GO:0005737
P14315;GO:0005829
P14315;GO:0005856
P14315;GO:0007010
P14315;GO:0008290
P14315;GO:0022604
P14315;GO:0030036
P14315;GO:0051693
P14315;GO:0071203
P14585;GO:0001708
P14585;GO:0002119
P14585;GO:0004888
P14585;GO:0005509
P14585;GO:0005515
P14585;GO:0005634
P14585;GO:0005886
P14585;GO:0007219
P14585;GO:0007275
P14585;GO:0016020
P14585;GO:0016021
P14585;GO:0016324
P14585;GO:0018991
P14585;GO:0030154
P14585;GO:0040025
P14585;GO:0043054
P14585;GO:0045168
P16157;GO:0005198
P16157;GO:0005200
P16157;GO:0005515
P16157;GO:0005737
P16157;GO:0005829
P16157;GO:0005856
P16157;GO:0005886
P16157;GO:0006779
P16157;GO:0006887
P16157;GO:0006888
P16157;GO:0007010
P16157;GO:0007165
P16157;GO:0007411
P16157;GO:0008093
P16157;GO:0014731
P16157;GO:0015672
P16157;GO:0016020
P16157;GO:0016323
P16157;GO:0016529
P16157;GO:0019899
P16157;GO:0030507
P16157;GO:0030863
P16157;GO:0031430
P16157;GO:0045199
P16157;GO:0048821
P16157;GO:0051117
P16157;GO:0072661
P19838;GO:0000122
P19838;GO:0000975
P19838;GO:0000976
P19838;GO:0001071
P19838;GO:0001818
P19838;GO:0002224
P19838;GO:0002755
P19838;GO:0002756
P19838;GO:0003677
P19838;GO:0003690
P19838;GO:0003700
P19838;GO:0005515
P19838;GO:0005634
P19838;GO:0005654
P19838;GO:0005737
P19838;GO:0005739
P19838;GO:0005829
P19838;GO:0006351
P19838;GO:0006355
P19838;GO:0006366
P19838;GO:0006915
P19838;GO:0006954
P19838;GO:0006979
P19838;GO:0007165
P19838;GO:0008063
P19838;GO:0009617
P19838;GO:0010744
P19838;GO:0010884
P19838;GO:0010956
P19838;GO:0010957
P19838;GO:0031072
P19838;GO:0031293
P19838;GO:0032269
P19838;GO:0032375
P19838;GO:0032481
P19838;GO:0033256
P19838;GO:0034130
P19838;GO:0034134
P19838;GO:0034138
P19838;GO:0034142
P19838;GO:0035666
P19838;GO:0042803
P19838;GO:0043066
P19838;GO:0043234
P19838;GO:0043565
P19838;GO:0044212
P19838;GO:0045083
P19838;GO:0045087
P19838;GO:0045892
P19838;GO:0045893
P19838;GO:0045944
P19838;GO:0046688
P19838;GO:0048011
P19838;GO:0050852
P19838;GO:0051092
P19838;GO:0071260
P19838;GO:0071347
P19838;GO:0090263
P19838;GO:1900127
P19838;NOT
P20749;GO:0000060
P20749;GO:0002268
P20749;GO:0002315
P20749;GO:0002455
P20749;GO:0002467
P20749;GO:0003677
P20749;GO:0003700
P20749;GO:0005515
P20749;GO:0005634
P20749;GO:0005737
P20749;GO:0006351
P20749;GO:0006355
P20749;GO:0006974
P20749;GO:0007249
P20749;GO:0008134
P20749;GO:0009615
P20749;GO:0010225
P20749;GO:0019730
P20749;GO:0030198
P20749;GO:0030330
P20749;GO:0030674
P20749;GO:0032729
P20749;GO:0032996
P20749;GO:0033257
P20749;GO:0042088
P20749;GO:0042345
P20749;GO:0042536
P20749;GO:0042742
P20749;GO:0042771
P20749;GO:0042832
P20749;GO:0042981
P20749;GO:0043066
P20749;GO:0043234
P20749;GO:0045064
P20749;GO:0045082
P20749;GO:0045415
P20749;GO:0045727
P20749;GO:0045892
P20749;GO:0045893
P20749;GO:0045944
P20749;GO:0048471
P20749;GO:0048536
P20749;GO:0051101
P20749;GO:0051457
P25799;GO:0000122
P25799;GO:0000975
P25799;GO:0000976
P25799;GO:0001071
P25799;GO:0001818
P25799;GO:0003677
P25799;GO:0003690
P25799;GO:0003700
P25799;GO:0005515
P25799;GO:0005634
P25799;GO:0005737
P25799;GO:0005739
P25799;GO:0005829
P25799;GO:0006351
P25799;GO:0006355
P25799;GO:0006915
P25799;GO:0006979
P25799;GO:0007165
P25799;GO:0009617
P25799;GO:0010956
P25799;GO:0031072
P25799;GO:0042803
P25799;GO:0043066
P25799;GO:0043234
P25799;GO:0043565
P25799;GO:0044212
P25799;GO:0045083
P25799;GO:0045892
P25799;GO:0045893
P25799;GO:0045944
P25799;GO:0046688
P25799;GO:0048535
P25799;GO:0071260
P25799;GO:0071347
P25799;GO:0090263
P25799;GO:1900127
P25963;GO:0000060
P25963;GO:0002224
P25963;GO:0002755
P25963;GO:0002756
P25963;GO:0005515
P25963;GO:0005634
P25963;GO:0005737
P25963;GO:0005829
P25963;GO:0005886
P25963;GO:0006915
P25963;GO:0007253
P25963;GO:0008063
P25963;GO:0008134
P25963;GO:0008139
P25963;GO:0010745
P25963;GO:0010875
P25963;GO:0010888
P25963;GO:0019048
P25963;GO:0019899
P25963;GO:0031072
P25963;GO:0031625
P25963;GO:0031663
P25963;GO:0032088
P25963;GO:0032270
P25963;GO:0032403
P25963;GO:0032481
P25963;GO:0032495
P25963;GO:0032496
P25963;GO:0033256
P25963;GO:0034130
P25963;GO:0034134
P25963;GO:0034138
P25963;GO:0034142
P25963;GO:0035666
P25963;GO:0042127
P25963;GO:0042345
P25963;GO:0042802
P25963;GO:0042994
P25963;GO:0043234
P25963;GO:0043330
P25963;GO:0043392
P25963;GO:0045087
P25963;GO:0045638
P25963;GO:0045746
P25963;GO:0045893
P25963;GO:0045944
P25963;GO:0048011
P25963;GO:0050852
P25963;GO:0051059
P25963;GO:0051092
P25963;GO:0070417
P25963;GO:0070427
P25963;GO:0070431
P31224;GO:0005215
P31224;GO:0005515
P31224;GO:0005886
P31224;GO:0006810
P31224;GO:0006855
P31224;GO:0015238
P31224;GO:0016020
P31224;GO:0016021
P31224;GO:0042493
P33298;GO:0000166
P33298;GO:0000502
P33298;GO:0005515
P33298;GO:0005524
P33298;GO:0005634
P33298;GO:0005737
P33298;GO:0006511
P33298;GO:0008540
P33298;GO:0016787
P33298;GO:0017111
P33298;GO:0030163
P33298;GO:0042802
P33298;GO:0045899
P33298;GO:0070682
P37107;GO:0000166
P37107;GO:0003723
P37107;GO:0003924
P37107;GO:0005515
P37107;GO:0005525
P37107;GO:0005786
P37107;GO:0006184
P37107;GO:0006614
P37107;GO:0008312
P37107;GO:0009507
P37107;GO:0009536
P37107;GO:0009570
P37107;GO:0010267
P37107;GO:0017111
P37107;GO:0019288
P37107;GO:0030529
P37107;GO:0035196
P37107;GO:0048500
P37107;GO:0051607
P37107;GO:0080085
P42574;GO:0001782
P42574;GO:0001836
P42574;GO:0004190
P42574;GO:0004197
P42574;GO:0004861
P42574;GO:0005515
P42574;GO:0005634
P42574;GO:0005654
P42574;GO:0005737
P42574;GO:0005739
P42574;GO:0005829
P42574;GO:0005886
P42574;GO:0006309
P42574;GO:0006508
P42574;GO:0006915
P42574;GO:0006917
P42574;GO:0006921
P42574;GO:0006974
P42574;GO:0007507
P42574;GO:0007605
P42574;GO:0008233
P42574;GO:0008234
P42574;GO:0008625
P42574;GO:0008631
P42574;GO:0008635
P42574;GO:0009411
P42574;GO:0009611
P42574;GO:0016485
P42574;GO:0016787
P42574;GO:0030216
P42574;GO:0030264
P42574;GO:0030889
P42574;GO:0034612
P42574;GO:0035329
P42574;GO:0042981
P42574;GO:0043029
P42574;GO:0043066
P42574;GO:0043525
P42574;GO:0045165
P42574;GO:0045736
P42574;GO:0045786
P42574;GO:0046007
P42574;GO:0048011
P42574;GO:0051402
P42574;GO:0071310
P42574;GO:0097190
P42574;NOT
P42575;GO:0001554
P42575;GO:0003407
P42575;GO:0004197
P42575;GO:0005515
P42575;GO:0005622
P42575;GO:0005634
P42575;GO:0005737
P42575;GO:0005739
P42575;GO:0005829
P42575;GO:0006508
P42575;GO:0006915
P42575;GO:0006917
P42575;GO:0006977
P42575;GO:0007420
P42575;GO:0007568
P42575;GO:0008233
P42575;GO:0008234
P42575;GO:0016020
P42575;GO:0016485
P42575;GO:0016787
P42575;GO:0019899
P42575;GO:0019904
P42575;GO:0042981
P42575;GO:0043065
P42575;GO:0043525
P42575;GO:0048011
P42575;GO:0071260
P42575;GO:0097190
P42575;GO:0097194
P42771;GO:0000075
P42771;GO:0000080
P42771;GO:0000082
P42771;GO:0000278
P42771;GO:0001953
P42771;GO:0004861
P42771;GO:0005515
P42771;GO:0005634
P42771;GO:0005737
P42771;GO:0005829
P42771;GO:0006917
P42771;GO:0007049
P42771;GO:0007050
P42771;GO:0007265
P42771;GO:0008285
P42771;GO:0019901
P42771;GO:0030308
P42771;GO:0032088
P42771;GO:0034393
P42771;GO:0035985
P42771;GO:0035986
P42771;GO:0042326
P42771;GO:0045736
P42771;GO:0045892
P42771;GO:0051059
P42771;GO:0090399
P42771;GO:2000111
P42771;GO:2000774
P42773;GO:0000079
P42773;GO:0000080
P42773;GO:0000082
P42773;GO:0000278
P42773;GO:0004861
P42773;GO:0005634
P42773;GO:0005737
P42773;GO:0005829
P42773;GO:0006917
P42773;GO:0007049
P42773;GO:0007050
P42773;GO:0008285
P42773;GO:0019901
P42773;GO:0030308
P42773;GO:0042326
P42773;GO:0048709
P43686;GO:0000075
P43686;GO:0000082
P43686;GO:0000084
P43686;GO:0000166
P43686;GO:0000209
P43686;GO:0000216
P43686;GO:0000278
P43686;GO:0000502
P43686;GO:0001824
P43686;GO:0002474
P43686;GO:0002479
P43686;GO:0005515
P43686;GO:0005524
P43686;GO:0005634
P43686;GO:0005654
P43686;GO:0005737
P43686;GO:0005739
P43686;GO:0005829
P43686;GO:0006200
P43686;GO:0006508
P43686;GO:0006521
P43686;GO:0006915
P43686;GO:0006977
P43686;GO:0010467
P43686;GO:0016032
P43686;GO:0016070
P43686;GO:0016071
P43686;GO:0016787
P43686;GO:0016887
P43686;GO:0017111
P43686;GO:0022624
P43686;GO:0030163
P43686;GO:0031145
P43686;GO:0034641
P43686;GO:0042590
P43686;GO:0042981
P43686;GO:0044281
P43686;GO:0051436
P43686;GO:0051437
P43686;GO:0051439
P43686;NOT
P46531;GO:0000122
P46531;GO:0000139
P46531;GO:0001047
P46531;GO:0001190
P46531;GO:0001701
P46531;GO:0001708
P46531;GO:0001837
P46531;GO:0001889
P46531;GO:0001947
P46531;GO:0002040
P46531;GO:0002193
P46531;GO:0002437
P46531;GO:0003157
P46531;GO:0003160
P46531;GO:0003162
P46531;GO:0003169
P46531;GO:0003180
P46531;GO:0003181
P46531;GO:0003184
P46531;GO:0003192
P46531;GO:0003198
P46531;GO:0003203
P46531;GO:0003207
P46531;GO:0003208
P46531;GO:0003209
P46531;GO:0003213
P46531;GO:0003214
P46531;GO:0003219
P46531;GO:0003222
P46531;GO:0003241
P46531;GO:0003256
P46531;GO:0003270
P46531;GO:0003273
P46531;GO:0003344
P46531;GO:0003682
P46531;GO:0003700
P46531;GO:0004857
P46531;GO:0004872
P46531;GO:0005509
P46531;GO:0005515
P46531;GO:0005576
P46531;GO:0005634
P46531;GO:0005654
P46531;GO:0005737
P46531;GO:0005789
P46531;GO:0005886
P46531;GO:0006351
P46531;GO:0006355
P46531;GO:0006357
P46531;GO:0006367
P46531;GO:0006955
P46531;GO:0006959
P46531;GO:0007219
P46531;GO:0007220
P46531;GO:0007221
P46531;GO:0007275
P46531;GO:0007368
P46531;GO:0007386
P46531;GO:0007409
P46531;GO:0007440
P46531;GO:0007492
P46531;GO:0007507
P46531;GO:0008284
P46531;GO:0008544
P46531;GO:0009912
P46531;GO:0009986
P46531;GO:0010001
P46531;GO:0010467
P46531;GO:0010468
P46531;GO:0010718
P46531;GO:0010812
P46531;GO:0010832
P46531;GO:0014031
P46531;GO:0014807
P46531;GO:0016020
P46531;GO:0016021
P46531;GO:0019899
P46531;GO:0021915
P46531;GO:0030154
P46531;GO:0030182
P46531;GO:0030216
P46531;GO:0030279
P46531;GO:0030324
P46531;GO:0030326
P46531;GO:0030334
P46531;GO:0030335
P46531;GO:0030513
P46531;GO:0030514
P46531;GO:0030900
P46531;GO:0031069
P46531;GO:0031490
P46531;GO:0032495
P46531;GO:0035116
P46531;GO:0042640
P46531;GO:0043065
P46531;GO:0043066
P46531;GO:0043086
P46531;GO:0043565
P46531;GO:0045165
P46531;GO:0045596
P46531;GO:0045618
P46531;GO:0045662
P46531;GO:0045665
P46531;GO:0045668
P46531;GO:0045892
P46531;GO:0045893
P46531;GO:0045944
P46531;GO:0045955
P46531;GO:0046427
P46531;GO:0046533
P46531;GO:0046872
P46531;GO:0048103
P46531;GO:0048663
P46531;GO:0048711
P46531;GO:0048715
P46531;GO:0048754
P46531;GO:0050678
P46531;GO:0050679
P46531;GO:0050767
P46531;GO:0050768
P46531;GO:0050793
P46531;GO:0055008
P46531;GO:0060038
P46531;GO:0060045
P46531;GO:0060253
P46531;GO:0060317
P46531;GO:0060411
P46531;GO:0060412
P46531;GO:0060528
P46531;GO:0060548
P46531;GO:0060740
P46531;GO:0060768
P46531;GO:0060842
P46531;GO:0060843
P46531;GO:0060948
P46531;GO:0060956
P46531;GO:0060979
P46531;GO:0060982
P46531;GO:0061314
P46531;GO:0061384
P46531;GO:0061419
P46531;GO:0070986
P46531;GO:0071372
P46531;GO:0072017
P46531;GO:0072044
P46531;GO:0072144
P46531;GO:0072602
P46531;GO:0090090
P46531;GO:0097150
P46531;GO:1901201
P46531;GO:2000737
P46531;GO:2000811
P46531;GO:2000974
P46683;GO:0000056
P46683;GO:0005634
P46683;GO:0005737
P46683;GO:0006970
P46683;GO:0032880
P46683;GO:0034599
P46683;GO:0042274
P46683;GO:0051082
P48059;colocalize
P48059;GO:0005515
P48059;GO:0005829
P48059;GO:0005886
P48059;GO:0005925
P48059;GO:0007569
P48059;GO:0008270
P48059;GO:0016020
P48059;GO:0030054
P48059;GO:0034329
P48059;GO:0045892
P48059;GO:0046872
P48059;GO:0048471
P48059;GO:0071560
P48382;GO:0000122
P48382;GO:0003677
P48382;GO:0003700
P48382;GO:0005515
P48382;GO:0005634
P48382;GO:0006351
P48382;GO:0006355
P50086;colocalize
P50086;GO:0003674
P50086;GO:0005515
P50086;GO:0005634
P50086;GO:0005829
P50086;GO:0006508
P50086;GO:0070682
P54775;GO:0000166
P54775;GO:0000502
P54775;GO:0001824
P54775;GO:0005524
P54775;GO:0005634
P54775;GO:0005737
P54775;GO:0005739
P54775;GO:0016787
P54775;GO:0017111
P54775;GO:0022624
P54775;GO:0030163
P55210;GO:0001836
P55210;GO:0004190
P55210;GO:0004197
P55210;GO:0005515
P55210;GO:0005634
P55210;GO:0005654
P55210;GO:0005737
P55210;GO:0005829
P55210;GO:0006508
P55210;GO:0006915
P55210;GO:0006917
P55210;GO:0006921
P55210;GO:0007507
P55210;GO:0008233
P55210;GO:0008234
P55210;GO:0008635
P55210;GO:0009411
P55210;GO:0016485
P55210;GO:0016787
P55210;GO:0043525
P55210;GO:0097193
P55271;GO:0000079
P55271;GO:0000086
P55271;GO:0004861
P55271;GO:0005634
P55271;GO:0005737
P55271;GO:0007049
P55271;GO:0007050
P55271;GO:0008285
P55271;GO:0014070
P55271;GO:0019901
P55271;GO:0030219
P55271;GO:0030511
P55271;GO:0030858
P55271;GO:0031668
P55271;GO:0031670
P55271;GO:0034097
P55271;GO:0042326
P55271;GO:0050680
P55273;GO:0000079
P55273;GO:0000080
P55273;GO:0000082
P55273;GO:0000278
P55273;GO:0000731
P55273;GO:0004861
P55273;GO:0005634
P55273;GO:0005737
P55273;GO:0005829
P55273;GO:0007049
P55273;GO:0007050
P55273;GO:0007605
P55273;GO:0008285
P55273;GO:0009411
P55273;GO:0019901
P55273;GO:0030308
P55273;GO:0032526
P55273;GO:0033280
P55273;GO:0042326
P55273;GO:0043066
P55273;GO:0043154
P55273;GO:0048102
P56524;contribute
P56524;GO:0000118
P56524;GO:0000122
P56524;GO:0001501
P56524;GO:0002076
P56524;GO:0003677
P56524;GO:0003714
P56524;GO:0004407
P56524;GO:0005515
P56524;GO:0005634
P56524;GO:0005737
P56524;GO:0005829
P56524;GO:0006338
P56524;GO:0006351
P56524;GO:0006355
P56524;GO:0006954
P56524;GO:0007399
P56524;GO:0008134
P56524;GO:0008270
P56524;GO:0008284
P56524;GO:0008285
P56524;GO:0010832
P56524;GO:0010882
P56524;GO:0014894
P56524;GO:0014898
P56524;GO:0016568
P56524;GO:0016575
P56524;GO:0016787
P56524;GO:0017053
P56524;GO:0019901
P56524;GO:0030017
P56524;GO:0030018
P56524;GO:0030183
P56524;GO:0030955
P56524;GO:0031078
P56524;GO:0031594
P56524;GO:0031672
P56524;GO:0032041
P56524;GO:0032129
P56524;GO:0033235
P56524;GO:0033558
P56524;GO:0033613
P56524;GO:0034739
P56524;GO:0034983
P56524;GO:0042113
P56524;GO:0042493
P56524;GO:0042641
P56524;GO:0042826
P56524;GO:0043393
P56524;GO:0043433
P56524;GO:0045668
P56524;GO:0045820
P56524;GO:0045892
P56524;GO:0045893
P56524;GO:0045944
P56524;GO:0046872
P56524;GO:0046969
P56524;GO:0046970
P56524;GO:0048742
P56524;GO:0051091
P56524;GO:0051153
P56524;GO:0070491
P56524;GO:0070555
P56524;GO:0070932
P56524;GO:0070933
P56524;GO:0097372
P58546;GO:0005575
P58546;GO:0005634
P58546;GO:0005737
P58546;GO:0005829
P58546;GO:0006417
P58546;GO:0006584
P58546;GO:0008290
P58546;GO:0010557
P58546;GO:0010613
P58546;GO:0016049
P58546;GO:0016202
P58546;GO:0021707
P58546;GO:0030182
P58546;GO:0030307
P58546;GO:0030424
P58546;GO:0043403
P58546;GO:0048471
P58546;GO:0051092
P58546;GO:0051146
P58546;GO:0051247
P58546;GO:2000812
P62207;GO:0004721
P62207;GO:0004722
P62207;GO:0005634
P62207;GO:0005737
P62207;GO:0005975
P62207;GO:0005977
P62207;GO:0006470
P62207;GO:0007049
P62207;GO:0016787
P62207;GO:0017018
P62207;GO:0019901
P62207;GO:0030155
P62207;GO:0046872
P62207;GO:0050115
P62207;GO:0051301
P62207;GO:0070688
P62207;GO:0072357
P62774;GO:0005634
P62774;GO:0005737
P62774;GO:0005829
P62774;GO:0006584
P62774;GO:0008290
P62774;GO:0010557
P62774;GO:0010613
P62774;GO:0016049
P62774;GO:0021707
P62774;GO:0030307
P62774;GO:0030424
P62774;GO:0043403
P62774;GO:0048471
P62774;GO:0051092
P62774;GO:0051146
P62774;GO:0051247
P62774;GO:2000812
P62775;GO:0005515
P62775;GO:0005634
P62775;GO:0005737
P62775;GO:0005829
P62775;GO:0006584
P62775;GO:0008290
P62775;GO:0010557
P62775;GO:0010613
P62775;GO:0016049
P62775;GO:0021707
P62775;GO:0030182
P62775;GO:0030307
P62775;GO:0030424
P62775;GO:0043403
P62775;GO:0048471
P62775;GO:0051092
P62775;GO:0051146
P62775;GO:0051247
P62775;GO:2000812
P63086;GO:0000165
P63086;GO:0000166
P63086;GO:0000189
P63086;GO:0001784
P63086;GO:0004672
P63086;GO:0004674
P63086;GO:0004707
P63086;GO:0005515
P63086;GO:0005524
P63086;GO:0005634
P63086;GO:0005654
P63086;GO:0005737
P63086;GO:0005739
P63086;GO:0005769
P63086;GO:0005770
P63086;GO:0005794
P63086;GO:0005815
P63086;GO:0005819
P63086;GO:0005829
P63086;GO:0005856
P63086;GO:0005901
P63086;GO:0005925
P63086;GO:0006468
P63086;GO:0006915
P63086;GO:0006974
P63086;GO:0007049
P63086;GO:0007165
P63086;GO:0007243
P63086;GO:0008134
P63086;GO:0008284
P63086;GO:0008353
P63086;GO:0009636
P63086;GO:0009887
P63086;GO:0010800
P63086;GO:0015630
P63086;GO:0016301
P63086;GO:0016310
P63086;GO:0016740
P63086;GO:0016772
P63086;GO:0018105
P63086;GO:0019233
P63086;GO:0019858
P63086;GO:0019902
P63086;GO:0030335
P63086;GO:0031143
P63086;GO:0031435
P63086;GO:0031663
P63086;GO:0032496
P63086;GO:0032839
P63086;GO:0032872
P63086;GO:0033267
P63086;GO:0033598
P63086;GO:0035556
P63086;GO:0042221
P63086;GO:0043204
P63086;GO:0043234
P63086;GO:0043330
P63086;GO:0043627
P63086;GO:0045596
P63086;GO:0045727
P63086;GO:0045893
P63086;GO:0050852
P63086;GO:0050853
P63086;GO:0051493
P63086;GO:0060716
P63086;GO:0070371
P63086;GO:0070849
P63086;GO:0072584
P63086;GO:0090170
P63086;GO:2000641
P68431;GO:0000786
P68431;GO:0003677
P68431;GO:0005515
P68431;GO:0005576
P68431;GO:0005634
P68431;GO:0005654
P68431;GO:0005694
P68431;GO:0006334
P68431;GO:0007596
P68431;GO:0046982
P68431;GO:0051320
P68431;GO:0060968
P70280;GO:0005737
P70280;GO:0005764
P70280;GO:0005765
P70280;GO:0005768
P70280;GO:0005783
P70280;GO:0005789
P70280;GO:0005794
P70280;GO:0006810
P70280;GO:0006887
P70280;GO:0006888
P70280;GO:0006906
P70280;GO:0006911
P70280;GO:0008333
P70280;GO:0015031
P70280;GO:0016020
P70280;GO:0016021
P70280;GO:0016192
P70280;GO:0017156
P70280;GO:0019905
P70280;GO:0030054
P70280;GO:0030658
P70280;GO:0030670
P70280;GO:0031201
P70280;GO:0031410
P70280;GO:0031902
P70280;GO:0034197
P70280;GO:0043001
P70280;GO:0043005
P70280;GO:0043231
P70280;GO:0043308
P70280;GO:0043312
P70280;GO:0045177
P70280;GO:0045202
P70280;GO:0045335
P70280;GO:0048280
P70280;GO:0048471
P70280;GO:1900483
P78314;GO:0005070
P78314;GO:0005515
P78314;GO:0005543
P78314;GO:0007165
P78314;GO:0017124
P98158;GO:0004872
P98158;GO:0005509
P98158;GO:0005515
P98158;GO:0005615
P98158;GO:0005737
P98158;GO:0005768
P98158;GO:0005886
P98158;GO:0005903
P98158;GO:0005905
P98158;GO:0006766
P98158;GO:0006897
P98158;GO:0006898
P98158;GO:0007568
P98158;GO:0010165
P98158;GO:0010951
P98158;GO:0016020
P98158;GO:0016021
P98158;GO:0016197
P98158;GO:0016324
P98158;GO:0017124
P98158;GO:0020028
P98158;GO:0030165
P98158;GO:0030492
P98158;GO:0031100
P98158;GO:0031526
P98158;GO:0032526
P98158;GO:0033280
P98158;GO:0042493
P98158;GO:0042953
P98158;GO:0043234
P98158;GO:0045056
P98158;GO:0046872
P98158;GO:0046879
P98158;GO:0050750
Q00420;GO:0005634
Q00420;GO:0006351
Q00420;GO:0006355
Q00420;GO:0044212
Q00420;GO:0045944
Q00420;GO:0046982
Q00422;GO:0000122
Q00422;GO:0001701
Q00422;GO:0003677
Q00422;GO:0003682
Q00422;GO:0003700
Q00422;GO:0005634
Q00422;GO:0006351
Q00422;GO:0006355
Q00422;GO:0006357
Q00422;GO:0043565
Q00422;GO:0044212
Q00422;GO:0045653
Q00422;GO:0045944
Q00422;GO:0046982
Q00534;GO:0000080
Q00534;GO:0000082
Q00534;GO:0000166
Q00534;GO:0000278
Q00534;GO:0000307
Q00534;GO:0001726
Q00534;GO:0001954
Q00534;GO:0002244
Q00534;GO:0003323
Q00534;GO:0004672
Q00534;GO:0004674
Q00534;GO:0004693
Q00534;GO:0005515
Q00534;GO:0005524
Q00534;GO:0005634
Q00534;GO:0005737
Q00534;GO:0005829
Q00534;GO:0006468
Q00534;GO:0007049
Q00534;GO:0007050
Q00534;GO:0007219
Q00534;GO:0008285
Q00534;GO:0009615
Q00534;GO:0010468
Q00534;GO:0010628
Q00534;GO:0014002
Q00534;GO:0016301
Q00534;GO:0016310
Q00534;GO:0016740
Q00534;GO:0016772
Q00534;GO:0021542
Q00534;GO:0021670
Q00534;GO:0030097
Q00534;GO:0030154
Q00534;GO:0030332
Q00534;GO:0033077
Q00534;GO:0042063
Q00534;GO:0042995
Q00534;GO:0043697
Q00534;GO:0045596
Q00534;GO:0045638
Q00534;GO:0045646
Q00534;GO:0045668
Q00534;GO:0045786
Q00534;GO:0048146
Q00534;GO:0048699
Q00534;GO:0050680
Q00534;GO:0051301
Q00534;GO:0060218
Q00534;GO:2000145
Q00534;GO:2000773
Q01705;GO:0000122
Q01705;GO:0000139
Q01705;GO:0001047
Q01705;GO:0001190
Q01705;GO:0001701
Q01705;GO:0001708
Q01705;GO:0001837
Q01705;GO:0001889
Q01705;GO:0001947
Q01705;GO:0002040
Q01705;GO:0002051
Q01705;GO:0002193
Q01705;GO:0002437
Q01705;GO:0003157
Q01705;GO:0003160
Q01705;GO:0003162
Q01705;GO:0003169
Q01705;GO:0003180
Q01705;GO:0003181
Q01705;GO:0003184
Q01705;GO:0003192
Q01705;GO:0003198
Q01705;GO:0003203
Q01705;GO:0003207
Q01705;GO:0003208
Q01705;GO:0003209
Q01705;GO:0003213
Q01705;GO:0003214
Q01705;GO:0003219
Q01705;GO:0003222
Q01705;GO:0003241
Q01705;GO:0003256
Q01705;GO:0003270
Q01705;GO:0003273
Q01705;GO:0003344
Q01705;GO:0003682
Q01705;GO:0003700
Q01705;GO:0004857
Q01705;GO:0004872
Q01705;GO:0005509
Q01705;GO:0005515
Q01705;GO:0005576
Q01705;GO:0005634
Q01705;GO:0005654
Q01705;GO:0005737
Q01705;GO:0005789
Q01705;GO:0005829
Q01705;GO:0005886
Q01705;GO:0005887
Q01705;GO:0006351
Q01705;GO:0006355
Q01705;GO:0006357
Q01705;GO:0006959
Q01705;GO:0007219
Q01705;GO:0007221
Q01705;GO:0007275
Q01705;GO:0007368
Q01705;GO:0007386
Q01705;GO:0007409
Q01705;GO:0007440
Q01705;GO:0007492
Q01705;GO:0007507
Q01705;GO:0008284
Q01705;GO:0008544
Q01705;GO:0009912
Q01705;GO:0009986
Q01705;GO:0010001
Q01705;GO:0010468
Q01705;GO:0010718
Q01705;GO:0010812
Q01705;GO:0010832
Q01705;GO:0014031
Q01705;GO:0014807
Q01705;GO:0016020
Q01705;GO:0016021
Q01705;GO:0019899
Q01705;GO:0021915
Q01705;GO:0030154
Q01705;GO:0030182
Q01705;GO:0030216
Q01705;GO:0030279
Q01705;GO:0030324
Q01705;GO:0030326
Q01705;GO:0030334
Q01705;GO:0030335
Q01705;GO:0030513
Q01705;GO:0030514
Q01705;GO:0030900
Q01705;GO:0031069
Q01705;GO:0031490
Q01705;GO:0032495
Q01705;GO:0035116
Q01705;GO:0035914
Q01705;GO:0042640
Q01705;GO:0043065
Q01705;GO:0043066
Q01705;GO:0043086
Q01705;GO:0043565
Q01705;GO:0045165
Q01705;GO:0045596
Q01705;GO:0045618
Q01705;GO:0045662
Q01705;GO:0045665
Q01705;GO:0045668
Q01705;GO:0045892
Q01705;GO:0045893
Q01705;GO:0045944
Q01705;GO:0045955
Q01705;GO:0046427
Q01705;GO:0046533
Q01705;GO:0046872
Q01705;GO:0048103
Q01705;GO:0048663
Q01705;GO:0048711
Q01705;GO:0048715
Q01705;GO:0048754
Q01705;GO:0050678
Q01705;GO:0050679
Q01705;GO:0050767
Q01705;GO:0050768
Q01705;GO:0050793
Q01705;GO:0055008
Q01705;GO:0060038
Q01705;GO:0060045
Q01705;GO:0060253
Q01705;GO:0060317
Q01705;GO:0060411
Q01705;GO:0060412
Q01705;GO:0060528
Q01705;GO:0060548
Q01705;GO:0060740
Q01705;GO:0060768
Q01705;GO:0060842
Q01705;GO:0060843
Q01705;GO:0060948
Q01705;GO:0060956
Q01705;GO:0060979
Q01705;GO:0060982
Q01705;GO:0061314
Q01705;GO:0061344
Q01705;GO:0061384
Q01705;GO:0061419
Q01705;GO:0070986
Q01705;GO:0071372
Q01705;GO:0072017
Q01705;GO:0072044
Q01705;GO:0072144
Q01705;GO:0072602
Q01705;GO:0090090
Q01705;GO:0097150
Q01705;GO:1901189
Q01705;GO:1901201
Q01705;GO:2000737
Q01705;GO:2000811
Q01705;GO:2000974
Q04206;GO:0001889
Q04206;GO:0001942
Q04206;GO:0002224
Q04206;GO:0002755
Q04206;GO:0002756
Q04206;GO:0003677
Q04206;GO:0003682
Q04206;GO:0003700
Q04206;GO:0003705
Q04206;GO:0005515
Q04206;GO:0005634
Q04206;GO:0005654
Q04206;GO:0005667
Q04206;GO:0005737
Q04206;GO:0005829
Q04206;GO:0006117
Q04206;GO:0006351
Q04206;GO:0006355
Q04206;GO:0006950
Q04206;GO:0006952
Q04206;GO:0006954
Q04206;GO:0006968
Q04206;GO:0007568
Q04206;GO:0008063
Q04206;GO:0008134
Q04206;GO:0008284
Q04206;GO:0009612
Q04206;GO:0009617
Q04206;GO:0009887
Q04206;GO:0010033
Q04206;GO:0010035
Q04206;GO:0010224
Q04206;GO:0014040
Q04206;GO:0014070
Q04206;GO:0019048
Q04206;GO:0019221
Q04206;GO:0019899
Q04206;GO:0019901
Q04206;GO:0031293
Q04206;GO:0031625
Q04206;GO:0032332
Q04206;GO:0032403
Q04206;GO:0032481
Q04206;GO:0032495
Q04206;GO:0032496
Q04206;GO:0032570
Q04206;GO:0032868
Q04206;GO:0033590
Q04206;GO:0033613
Q04206;GO:0034097
Q04206;GO:0034130
Q04206;GO:0034134
Q04206;GO:0034138
Q04206;GO:0034142
Q04206;GO:0035666
Q04206;GO:0042177
Q04206;GO:0042301
Q04206;GO:0042493
Q04206;GO:0042542
Q04206;GO:0042802
Q04206;GO:0043066
Q04206;GO:0043123
Q04206;GO:0043200
Q04206;GO:0043234
Q04206;GO:0043278
Q04206;GO:0043565
Q04206;GO:0044212
Q04206;GO:0045084
Q04206;GO:0045087
Q04206;GO:0045892
Q04206;GO:0045893
Q04206;GO:0045944
Q04206;GO:0046627
Q04206;GO:0047485
Q04206;GO:0048011
Q04206;GO:0050727
Q04206;GO:0050852
Q04206;GO:0051059
Q04206;GO:0051092
Q04206;GO:0051591
Q04206;GO:0051607
Q04206;GO:0070431
Q04206;GO:0070491
Q04206;GO:0070555
Q04206;GO:0071222
Q04206;GO:0071347
Q04206;GO:0071356
Q04206;GO:0071532
Q04207;GO:0001889
Q04207;GO:0001942
Q04207;GO:0003677
Q04207;GO:0003682
Q04207;GO:0003700
Q04207;GO:0003705
Q04207;GO:0005515
Q04207;GO:0005634
Q04207;GO:0005667
Q04207;GO:0005737
Q04207;GO:0005829
Q04207;GO:0006117
Q04207;GO:0006351
Q04207;GO:0006355
Q04207;GO:0006950
Q04207;GO:0006952
Q04207;GO:0006954
Q04207;GO:0007568
Q04207;GO:0008134
Q04207;GO:0008284
Q04207;GO:0009612
Q04207;GO:0009617
Q04207;GO:0009887
Q04207;GO:0010033
Q04207;GO:0010035
Q04207;GO:0010224
Q04207;GO:0014040
Q04207;GO:0014070
Q04207;GO:0019221
Q04207;GO:0019899
Q04207;GO:0019901
Q04207;GO:0031625
Q04207;GO:0032332
Q04207;GO:0032403
Q04207;GO:0032495
Q04207;GO:0032496
Q04207;GO:0032570
Q04207;GO:0032868
Q04207;GO:0033590
Q04207;GO:0033613
Q04207;GO:0034097
Q04207;GO:0042177
Q04207;GO:0042301
Q04207;GO:0042493
Q04207;GO:0042542
Q04207;GO:0042802
Q04207;GO:0043066
Q04207;GO:0043123
Q04207;GO:0043200
Q04207;GO:0043234
Q04207;GO:0043278
Q04207;GO:0043565
Q04207;GO:0044212
Q04207;GO:0045084
Q04207;GO:0045892
Q04207;GO:0045893
Q04207;GO:0045944
Q04207;GO:0046627
Q04207;GO:0047485
Q04207;GO:0050727
Q04207;GO:0051059
Q04207;GO:0051092
Q04207;GO:0051591
Q04207;GO:0070431
Q04207;GO:0070491
Q04207;GO:0070555
Q04207;GO:0071159
Q04207;GO:0071222
Q04207;GO:0071347
Q04207;GO:0071356
Q04207;GO:0071532
Q05823;GO:0000166
Q05823;GO:0003723
Q05823;GO:0004518
Q05823;GO:0004519
Q05823;GO:0004521
Q05823;GO:0004540
Q05823;GO:0004672
Q05823;GO:0005524
Q05823;GO:0005575
Q05823;GO:0005737
Q05823;GO:0005739
Q05823;GO:0005829
Q05823;GO:0006397
Q05823;GO:0006468
Q05823;GO:0016772
Q05823;GO:0016787
Q05823;GO:0019221
Q05823;GO:0045071
Q05823;GO:0045944
Q05823;GO:0046872
Q05823;GO:0051607
Q05823;GO:0060337
Q05823;GO:0090305
Q06330;GO:0000122
Q06330;GO:0000150
Q06330;GO:0000978
Q06330;GO:0000982
Q06330;GO:0001077
Q06330;GO:0001103
Q06330;GO:0001525
Q06330;GO:0001837
Q06330;GO:0002193
Q06330;GO:0003151
Q06330;GO:0003160
Q06330;GO:0003198
Q06330;GO:0003214
Q06330;GO:0003222
Q06330;GO:0003256
Q06330;GO:0003677
Q06330;GO:0003700
Q06330;GO:0005515
Q06330;GO:0005634
Q06330;GO:0005654
Q06330;GO:0005730
Q06330;GO:0005737
Q06330;GO:0006310
Q06330;GO:0006351
Q06330;GO:0006355
Q06330;GO:0006367
Q06330;GO:0007219
Q06330;GO:0007221
Q06330;GO:0010467
Q06330;GO:0030279
Q06330;GO:0030513
Q06330;GO:0035912
Q06330;GO:0036302
Q06330;GO:0045892
Q06330;GO:0045944
Q06330;GO:0060045
Q06330;GO:0060716
Q06330;GO:0061314
Q06330;GO:0072554
Q06330;GO:0097101
Q06330;GO:1901186
Q06330;GO:1901189
Q06330;GO:2000138
Q07820;GO:0001709
Q07820;GO:0005515
Q07820;GO:0005634
Q07820;GO:0005654
Q07820;GO:0005737
Q07820;GO:0005739
Q07820;GO:0005741
Q07820;GO:0005759
Q07820;GO:0006915
Q07820;GO:0007275
Q07820;GO:0015266
Q07820;GO:0016020
Q07820;GO:0016021
Q07820;GO:0019725
Q07820;GO:0030154
Q07820;GO:0034097
Q07820;GO:0042981
Q07820;GO:0043066
Q07820;GO:0046982
Q07820;GO:0051434
Q07820;GO:0097136
Q07820;GO:2000811
Q07820;GO:2001020
Q07820;GO:2001240
Q09260;GO:0005634
Q09260;GO:0006351
Q09260;GO:0006355
Q13418;GO:0000166
Q13418;GO:0001558
Q13418;GO:0001658
Q13418;GO:0001954
Q13418;GO:0004672
Q13418;GO:0004674
Q13418;GO:0004871
Q13418;GO:0005178
Q13418;GO:0005515
Q13418;GO:0005524
Q13418;GO:0005737
Q13418;GO:0005829
Q13418;GO:0005886
Q13418;GO:0005911
Q13418;GO:0005925
Q13418;GO:0006468
Q13418;GO:0006469
Q13418;GO:0007050
Q13418;GO:0007160
Q13418;GO:0007229
Q13418;GO:0007569
Q13418;GO:0008283
Q13418;GO:0008284
Q13418;GO:0009966
Q13418;GO:0010667
Q13418;GO:0014912
Q13418;GO:0016020
Q13418;GO:0016301
Q13418;GO:0016310
Q13418;GO:0016740
Q13418;GO:0016772
Q13418;GO:0017124
Q13418;GO:0018105
Q13418;GO:0019901
Q13418;GO:0030017
Q13418;GO:0030027
Q13418;GO:0030054
Q13418;GO:0030335
Q13418;GO:0030424
Q13418;GO:0030513
Q13418;GO:0032288
Q13418;GO:0032956
Q13418;GO:0034329
Q13418;GO:0034446
Q13418;GO:0042327
Q13418;GO:0042995
Q13418;GO:0043025
Q13418;GO:0043034
Q13418;GO:0043066
Q13418;GO:0043195
Q13418;GO:0043198
Q13418;GO:0043206
Q13418;GO:0043234
Q13418;GO:0043406
Q13418;GO:0043410
Q13418;GO:0043524
Q13418;GO:0045197
Q13418;GO:0045663
Q13418;GO:0045669
Q13418;GO:0045773
Q13418;GO:0045893
Q13418;GO:0048662
Q13418;GO:0048812
Q13418;GO:0050772
Q13418;GO:0050775
Q13418;GO:0051291
Q13418;GO:0051897
Q13418;GO:0090263
Q13625;colocalize
Q13625;GO:0005070
Q13625;GO:0005515
Q13625;GO:0005634
Q13625;GO:0005737
Q13625;GO:0006915
Q13625;GO:0006917
Q13625;GO:0007049
Q13625;GO:0007165
Q13625;GO:0007417
Q13625;GO:0007507
Q13625;GO:0009792
Q13625;GO:0010212
Q13625;GO:0017124
Q13625;GO:0045786
Q13625;GO:0048471
Q13625;GO:0051059
Q14790;GO:0001525
Q14790;GO:0001841
Q14790;GO:0002020
Q14790;GO:0004197
Q14790;GO:0005164
Q14790;GO:0005515
Q14790;GO:0005634
Q14790;GO:0005737
Q14790;GO:0005739
Q14790;GO:0005741
Q14790;GO:0005813
Q14790;GO:0005829
Q14790;GO:0005856
Q14790;GO:0006508
Q14790;GO:0006915
Q14790;GO:0006919
Q14790;GO:0006921
Q14790;GO:0007507
Q14790;GO:0008233
Q14790;GO:0008234
Q14790;GO:0009409
Q14790;GO:0016787
Q14790;GO:0019048
Q14790;GO:0030225
Q14790;GO:0030690
Q14790;GO:0031264
Q14790;GO:0031265
Q14790;GO:0032025
Q14790;GO:0032355
Q14790;GO:0032496
Q14790;GO:0034612
Q14790;GO:0035872
Q14790;GO:0042802
Q14790;GO:0042981
Q14790;GO:0043005
Q14790;GO:0043123
Q14790;GO:0043124
Q14790;GO:0043234
Q14790;GO:0044297
Q14790;GO:0045087
Q14790;GO:0045121
Q14790;GO:0045471
Q14790;GO:0045651
Q14790;GO:0045862
Q14790;GO:0046677
Q14790;GO:0051291
Q14790;GO:0051603
Q14790;GO:0070423
Q14790;GO:0071260
Q14790;GO:0097190
Q14790;GO:0097191
Q14790;GO:0097202
Q14790;NOT
Q15027;GO:0005096
Q15027;GO:0005543
Q15027;GO:0006810
Q15027;GO:0008060
Q15027;GO:0008270
Q15027;GO:0015031
Q15027;GO:0032312
Q15027;GO:0043547
Q15027;GO:0046872
Q15369;GO:0005515
Q15369;GO:0005634
Q15369;GO:0005654
Q15369;GO:0005829
Q15369;GO:0006351
Q15369;GO:0006355
Q15369;GO:0006357
Q15369;GO:0006366
Q15369;GO:0006368
Q15369;GO:0006511
Q15369;GO:0010467
Q15369;GO:0016032
Q15369;GO:0019048
Q15369;GO:0030891
Q15369;GO:0032403
Q15369;GO:0032968
Q15369;GO:0033554
Q15369;GO:0050434
Q15369;GO:0061418
Q15369;GO:0071456
Q15370;GO:0005515
Q15370;GO:0005634
Q15370;GO:0005654
Q15370;GO:0005829
Q15370;GO:0006351
Q15370;GO:0006355
Q15370;GO:0006366
Q15370;GO:0006368
Q15370;GO:0006461
Q15370;GO:0010467
Q15370;GO:0016032
Q15370;GO:0016567
Q15370;GO:0031462
Q15370;GO:0031466
Q15370;GO:0031625
Q15370;GO:0033554
Q15370;GO:0050434
Q15370;GO:0061418
Q15370;GO:0071456
Q53F80;GO:0008270
Q53F80;GO:0046872
Q5ZXN6;GO:0005576
Q5ZXN6;GO:0008152
Q5ZXN6;GO:0009405
Q5ZXN6;GO:0016740
Q5ZXN6;GO:0030430
Q5ZXN6;GO:0032313
Q5ZXN6;GO:0044605
Q60773;GO:0000079
Q60773;GO:0000082
Q60773;GO:0000731
Q60773;GO:0004861
Q60773;GO:0005634
Q60773;GO:0005737
Q60773;GO:0007049
Q60773;GO:0007050
Q60773;GO:0007605
Q60773;GO:0008285
Q60773;GO:0009411
Q60773;GO:0019901
Q60773;GO:0030308
Q60773;GO:0032526
Q60773;GO:0033280
Q60773;GO:0042326
Q60773;GO:0043066
Q60773;GO:0043154
Q60773;GO:0048102
Q60778;GO:0005515
Q60778;GO:0005634
Q60778;GO:0005737
Q63570;GO:0000166
Q63570;GO:0000502
Q63570;GO:0001824
Q63570;GO:0005524
Q63570;GO:0005634
Q63570;GO:0005737
Q63570;GO:0005739
Q63570;GO:0006200
Q63570;GO:0016787
Q63570;GO:0016887
Q63570;GO:0017111
Q63570;GO:0022624
Q63570;GO:0030163
Q63ZY3;GO:0000122
Q63ZY3;GO:0005515
Q63ZY3;GO:0005737
Q63ZY3;GO:0005739
Q63ZY3;GO:0006351
Q63ZY3;GO:0006355
Q63ZY3;GO:0006915
Q63ZY3;GO:0008285
Q63ZY3;GO:0033147
Q63ZY3;GO:0043069
Q63ZY3;GO:2000134
Q6PFX9;GO:0000139
Q6PFX9;GO:0000209
Q6PFX9;GO:0000775
Q6PFX9;GO:0000781
Q6PFX9;GO:0000784
Q6PFX9;GO:0000922
Q6PFX9;GO:0003950
Q6PFX9;GO:0005634
Q6PFX9;GO:0005643
Q6PFX9;GO:0005694
Q6PFX9;GO:0005737
Q6PFX9;GO:0005794
Q6PFX9;GO:0005856
Q6PFX9;GO:0006471
Q6PFX9;GO:0006810
Q6PFX9;GO:0007049
Q6PFX9;GO:0007067
Q6PFX9;GO:0008270
Q6PFX9;GO:0015031
Q6PFX9;GO:0016020
Q6PFX9;GO:0016055
Q6PFX9;GO:0016740
Q6PFX9;GO:0016757
Q6PFX9;GO:0018105
Q6PFX9;GO:0018107
Q6PFX9;GO:0032212
Q6PFX9;GO:0043392
Q6PFX9;GO:0045944
Q6PFX9;GO:0046872
Q6PFX9;GO:0051028
Q6PFX9;GO:0051301
Q6PFX9;GO:0070198
Q6PFX9;GO:0070212
Q6PFX9;GO:0070213
Q6PFX9;GO:0090263
Q712I1;GO:0003824
Q712I1;GO:0005737
Q712I1;GO:0007049
Q712I1;GO:0008360
Q712I1;GO:0008760
Q712I1;GO:0009252
Q712I1;GO:0016740
Q712I1;GO:0016765
Q712I1;GO:0019277
Q712I1;GO:0051301
Q7SIG6;GO:0003674
Q7SIG6;GO:0005096
Q7SIG6;GO:0005543
Q7SIG6;GO:0005575
Q7SIG6;GO:0005737
Q7SIG6;GO:0005794
Q7SIG6;GO:0005886
Q7SIG6;GO:0008060
Q7SIG6;GO:0008150
Q7SIG6;GO:0008270
Q7SIG6;GO:0016020
Q7SIG6;GO:0032312
Q7SIG6;GO:0032580
Q7SIG6;GO:0043547
Q7SIG6;GO:0046872
Q7Z4I7;GO:0005634
Q7Z4I7;GO:0005829
Q7Z4I7;GO:0005886
Q7Z4I7;GO:0005925
Q7Z4I7;GO:0008270
Q7Z4I7;GO:0016020
Q7Z4I7;GO:0030054
Q7Z4I7;GO:0034329
Q7Z4I7;GO:0046872
Q8IUH5;GO:0000139
Q8IUH5;GO:0004871
Q8IUH5;GO:0005515
Q8IUH5;GO:0005737
Q8IUH5;GO:0005794
Q8IUH5;GO:0006810
Q8IUH5;GO:0006811
Q8IUH5;GO:0007165
Q8IUH5;GO:0008270
Q8IUH5;GO:0015095
Q8IUH5;GO:0015693
Q8IUH5;GO:0016020
Q8IUH5;GO:0016021
Q8IUH5;GO:0016409
Q8IUH5;GO:0016740
Q8IUH5;GO:0016746
Q8IUH5;GO:0018345
Q8IUH5;GO:0019706
Q8IUH5;GO:0030659
Q8IUH5;GO:0030660
Q8IUH5;GO:0031410
Q8IUH5;GO:0042953
Q8IUH5;GO:0043123
Q8IUH5;GO:0043231
Q8IUH5;GO:0046872
Q8MXE7;GO:0000978
Q8MXE7;GO:0000982
Q8MXE7;GO:0001708
Q8MXE7;GO:0002119
Q8MXE7;GO:0003677
Q8MXE7;GO:0003700
Q8MXE7;GO:0005112
Q8MXE7;GO:0005634
Q8MXE7;GO:0006355
Q8MXE7;GO:0007219
Q8MXE7;GO:0018991
Q8MXE7;GO:0040026
Q8MXE7;GO:0042078
Q8MXE7;GO:0042659
Q8MXE7;GO:0043054
Q8MXE7;GO:0043565
Q8MXE7;GO:0045944
Q8NLM6;GO:0003677
Q8NLM6;GO:0003700
Q8NLM6;GO:0005622
Q8NLM6;GO:0006351
Q8NLM6;GO:0006355
Q8NLM6;GO:0046872
Q8TDY4;GO:0005543
Q8TDY4;GO:0005737
Q8TDY4;GO:0008060
Q8TDY4;GO:0008270
Q8TDY4;GO:0032312
Q8TDY4;GO:0046872
Q8VC91;GO:0001782
Q8VC91;GO:0005515
Q8VC91;GO:0005737
Q8VC91;GO:0007250
Q8VC91;GO:0016301
Q8VC91;GO:0016310
Q8WUF5;GO:0000122
Q8WUF5;GO:0003215
Q8WUF5;GO:0003229
Q8WUF5;GO:0003714
Q8WUF5;GO:0005515
Q8WUF5;GO:0005634
Q8WUF5;GO:0005737
Q8WUF5;GO:0006351
Q8WUF5;GO:0006355
Q8WUF5;GO:0006915
Q8WUF5;GO:0008134
Q8WUF5;GO:0009791
Q8WUF5;GO:0031076
Q8WUF5;GO:0035264
Q8WUF5;GO:0042633
Q8WUF5;GO:0048871
Q8WUF5;GO:0060048
Q90623;GO:0005737
Q90623;GO:0019208
Q90623;GO:0030155
Q90623;GO:0035507
Q90623;GO:0071889
Q90623;GO:0072357
Q91WD2;GO:0005216
Q91WD2;GO:0005262
Q91WD2;GO:0005516
Q91WD2;GO:0005886
Q91WD2;GO:0006810
Q91WD2;GO:0006811
Q91WD2;GO:0006816
Q91WD2;GO:0016020
Q91WD2;GO:0016021
Q91WD2;GO:0055085
Q91WD2;GO:0070588
Q92585;GO:0002193
Q92585;GO:0003162
Q92585;GO:0003713
Q92585;GO:0005515
Q92585;GO:0005634
Q92585;GO:0005654
Q92585;GO:0006351
Q92585;GO:0006355
Q92585;GO:0006367
Q92585;GO:0006468
Q92585;GO:0007219
Q92585;GO:0010467
Q92585;GO:0010831
Q92585;GO:0016607
Q92585;GO:0019901
Q92585;GO:0042605
Q92585;GO:0043231
Q92585;GO:0045445
Q92585;GO:0045944
Q92585;GO:0051149
Q92585;GO:0060928
Q92585;NOT
Q92882;GO:0001503
Q92882;GO:0005622
Q92882;GO:0005737
Q92882;GO:0007165
Q92882;GO:0017124
Q96DX5;GO:0005515
Q96DX5;GO:0005634
Q96DX5;GO:0005737
Q96DX5;GO:0005739
Q96DX5;GO:0016567
Q96DX5;GO:0035556
Q96DX5;GO:0045732
Q96DX5;NOT
Q96NW4;GO:0005085
Q96NW4;GO:0005096
Q96NW4;GO:0005515
Q96NW4;GO:0005737
Q96NW4;GO:0005764
Q96NW4;GO:0005769
Q96NW4;GO:0043547
Q96NW4;GO:0045022
Q99728;contribute
Q99728;GO:0000151
Q99728;GO:0001894
Q99728;GO:0003723
Q99728;GO:0004842
Q99728;GO:0005515
Q99728;GO:0005634
Q99728;GO:0005737
Q99728;GO:0006281
Q99728;GO:0006974
Q99728;GO:0007050
Q99728;GO:0008270
Q99728;GO:0016567
Q99728;GO:0016874
Q99728;GO:0019900
Q99728;GO:0031436
Q99728;GO:0031441
Q99728;GO:0042325
Q99728;GO:0042803
Q99728;GO:0043065
Q99728;GO:0043066
Q99728;GO:0045732
Q99728;GO:0046826
Q99728;GO:0046872
Q99728;GO:0046982
Q99728;GO:0070531
Q99728;GO:0085020
Q9DFS3;GO:0005216
Q9DFS3;GO:0005261
Q9DFS3;GO:0005516
Q9DFS3;GO:0005886
Q9DFS3;GO:0006810
Q9DFS3;GO:0006811
Q9DFS3;GO:0006874
Q9DFS3;GO:0016020
Q9DFS3;GO:0016021
Q9DFS3;GO:0055085
Q9H2K2;GO:0000139
Q9H2K2;GO:0000209
Q9H2K2;GO:0000242
Q9H2K2;GO:0000781
Q9H2K2;GO:0000784
Q9H2K2;GO:0003950
Q9H2K2;GO:0005515
Q9H2K2;GO:0005634
Q9H2K2;GO:0005635
Q9H2K2;GO:0005694
Q9H2K2;GO:0005737
Q9H2K2;GO:0005794
Q9H2K2;GO:0006471
Q9H2K2;GO:0016020
Q9H2K2;GO:0016055
Q9H2K2;GO:0016740
Q9H2K2;GO:0016757
Q9H2K2;GO:0019899
Q9H2K2;GO:0032212
Q9H2K2;GO:0035264
Q9H2K2;GO:0040014
Q9H2K2;GO:0046872
Q9H2K2;GO:0048471
Q9H2K2;GO:0070198
Q9H2K2;GO:0070213
Q9H2K2;GO:0090263
Q9H9B1;GO:0000122
Q9H9B1;GO:0002039
Q9H9B1;GO:0005515
Q9H9B1;GO:0005634
Q9H9B1;GO:0005694
Q9H9B1;GO:0006306
Q9H9B1;GO:0008168
Q9H9B1;GO:0008270
Q9H9B1;GO:0009790
Q9H9B1;GO:0016279
Q9H9B1;GO:0016568
Q9H9B1;GO:0016571
Q9H9B1;GO:0016740
Q9H9B1;GO:0018024
Q9H9B1;GO:0018026
Q9H9B1;GO:0018027
Q9H9B1;GO:0032259
Q9H9B1;GO:0034968
Q9H9B1;GO:0045892
Q9H9B1;GO:0046872
Q9H9B1;GO:0046974
Q9H9B1;GO:0046976
Q9H9B1;GO:0051567
Q9H9B1;GO:0070734
Q9H9E1;GO:0005634
Q9H9E1;GO:0005737
Q9H9E1;GO:0005829
Q9H9E1;GO:0005856
Q9H9E1;GO:0008150
Q9H9E1;GO:0016020
Q9H9E1;GO:0030169
Q9H9E1;GO:0042826
Q9HBA0;colocalize
Q9HBA0;GO:0000166
Q9HBA0;GO:0003779
Q9HBA0;GO:0005034
Q9HBA0;GO:0005080
Q9HBA0;GO:0005216
Q9HBA0;GO:0005261
Q9HBA0;GO:0005262
Q9HBA0;GO:0005516
Q9HBA0;GO:0005524
Q9HBA0;GO:0005881
Q9HBA0;GO:0005886
Q9HBA0;GO:0005912
Q9HBA0;GO:0005925
Q9HBA0;GO:0005929
Q9HBA0;GO:0006810
Q9HBA0;GO:0006811
Q9HBA0;GO:0006816
Q9HBA0;GO:0006874
Q9HBA0;GO:0006884
Q9HBA0;GO:0006970
Q9HBA0;GO:0006971
Q9HBA0;GO:0007015
Q9HBA0;GO:0007043
Q9HBA0;GO:0007204
Q9HBA0;GO:0007231
Q9HBA0;GO:0008017
Q9HBA0;GO:0008219
Q9HBA0;GO:0009612
Q9HBA0;GO:0010977
Q9HBA0;GO:0016020
Q9HBA0;GO:0016021
Q9HBA0;GO:0019901
Q9HBA0;GO:0030027
Q9HBA0;GO:0030054
Q9HBA0;GO:0030103
Q9HBA0;GO:0030175
Q9HBA0;GO:0030426
Q9HBA0;GO:0030864
Q9HBA0;GO:0031117
Q9HBA0;GO:0031532
Q9HBA0;GO:0032587
Q9HBA0;GO:0042169
Q9HBA0;GO:0042538
Q9HBA0;GO:0043014
Q9HBA0;GO:0043622
Q9HBA0;GO:0046785
Q9HBA0;GO:0047484
Q9HBA0;GO:0048487
Q9HBA0;GO:0051015
Q9HBA0;GO:0055085
Q9HBA0;GO:0070509
Q9HBA0;GO:0070588
Q9HBA0;GO:0071476
Q9NWT6;colocalize
Q9NWT6;GO:0005112
Q9NWT6;GO:0005506
Q9NWT6;GO:0005515
Q9NWT6;GO:0005634
Q9NWT6;GO:0005737
Q9NWT6;GO:0005829
Q9NWT6;GO:0006351
Q9NWT6;GO:0006355
Q9NWT6;GO:0008270
Q9NWT6;GO:0016491
Q9NWT6;GO:0016702
Q9NWT6;GO:0016706
Q9NWT6;GO:0019826
Q9NWT6;GO:0031406
Q9NWT6;GO:0033554
Q9NWT6;GO:0036138
Q9NWT6;GO:0036139
Q9NWT6;GO:0036140
Q9NWT6;GO:0042264
Q9NWT6;GO:0042265
Q9NWT6;GO:0042803
Q9NWT6;GO:0045663
Q9NWT6;GO:0045746
Q9NWT6;GO:0046872
Q9NWT6;GO:0048037
Q9NWT6;GO:0048471
Q9NWT6;GO:0051059
Q9NWT6;GO:0055114
Q9NWT6;GO:0061418
Q9NWT6;GO:0061428
Q9NWT6;GO:0071456
Q9NWT6;GO:0071532
Q9NWT6;GO:2001214
Q9WUD2;GO:0005216
Q9WUD2;GO:0005261
Q9WUD2;GO:0005262
Q9WUD2;GO:0005515
Q9WUD2;GO:0005622
Q9WUD2;GO:0005737
Q9WUD2;GO:0005886
Q9WUD2;GO:0006810
Q9WUD2;GO:0006811
Q9WUD2;GO:0006816
Q9WUD2;GO:0009266
Q9WUD2;GO:0009408
Q9WUD2;GO:0009986
Q9WUD2;GO:0012505
Q9WUD2;GO:0016020
Q9WUD2;GO:0016021
Q9WUD2;GO:0030424
Q9WUD2;GO:0032584
Q9WUD2;GO:0042470
Q9WUD2;GO:0044295
Q9WUD2;GO:0044297
Q9WUD2;GO:0045773
Q9WUD2;GO:0055085
Q9WUD2;GO:0070588
Q9WUD2;GO:0090280
Q9Y5S1;GO:0005216
Q9Y5S1;GO:0005261
Q9Y5S1;GO:0005262
Q9Y5S1;GO:0005622
Q9Y5S1;GO:0005737
Q9Y5S1;GO:0005886
Q9Y5S1;GO:0005887
Q9Y5S1;GO:0006810
Q9Y5S1;GO:0006811
Q9Y5S1;GO:0006816
Q9Y5S1;GO:0007600
Q9Y5S1;GO:0009266
Q9Y5S1;GO:0009408
Q9Y5S1;GO:0009986
Q9Y5S1;GO:0012505
Q9Y5S1;GO:0015075
Q9Y5S1;GO:0016020
Q9Y5S1;GO:0016021
Q9Y5S1;GO:0030424
Q9Y5S1;GO:0032584
Q9Y5S1;GO:0042470
Q9Y5S1;GO:0044295
Q9Y5S1;GO:0044297
Q9Y5S1;GO:0045773
Q9Y5S1;GO:0055085
Q9Y5S1;GO:0070588
Q9Y5S1;GO:0090280
Q9Z2X2;GO:0000122
Q9Z2X2;GO:0005634
Q9Z2X2;GO:0005737
Q9Z2X2;GO:0006915
Q9Z2X2;GO:0007253
Q9Z2X2;GO:0030307
Q9Z2X2;GO:0031398
Q9Z2X2;GO:0032088
Q9Z2X2;GO:0032436
Q9Z2X2;GO:0043066
Q9Z2X2;GO:0043409
Q9Z2X2;GO:0043518
Q9Z2X2;GO:0045737
Q9Z2X2;GO:0070682
Q9Z2X2;GO:0090201
